Lat,Lon,id,startDate,endDate,endDay,startDay,nDays,LatRand,LonRand
48.192,-120.242,470,721,721,2014-07-21,2014-07-21,0,48.221977568272955,-120.3050700371115
48.183,-120.239,472,721,721,2014-07-21,2014-07-21,0,48.24334017570593,-120.21094396519827
48.173,-120.236,475,721,721,2014-07-21,2014-07-21,0,48.16866284228412,-120.23983874303532
48.163,-120.233,478,721,721,2014-07-21,2014-07-21,0,48.16316066491713,-120.25828281022466
48.214,-120.233,479,721,721,2014-07-21,2014-07-21,0,48.1984685250528,-120.22843468608566
48.194,-120.228,483,721,727,2014-07-27,2014-07-21,6,48.181484588881254,-120.24656020456044
48.235,-120.224,487,720,720,2014-07-20,2014-07-20,0,48.21721645472308,-120.35977370362689
48.175,-120.222,488,721,726,2014-07-26,2014-07-21,5,48.197401907925425,-120.2677345595132
48.155,-120.216,493,721,721,2014-07-21,2014-07-21,0,48.12941777164666,-120.2602045514898
48.206,-120.216,494,718,730,2014-07-30,2014-07-18,12,48.182362199205166,-120.21350538744689
48.196,-120.213,498,721,729,2014-07-29,2014-07-21,8,48.12956251860456,-120.19351722606301
48.247,-120.213,499,721,721,2014-07-21,2014-07-21,0,48.242630099270094,-120.21675383340883
48.186,-120.21,503,721,722,2014-07-22,2014-07-21,1,48.20201518719753,-120.24827071213694
48.237,-120.21,504,721,721,2014-07-21,2014-07-21,0,48.130367643869334,-120.17001922120153
48.177,-120.207,506,718,721,2014-07-21,2014-07-18,3,48.178759053823484,-120.20801840521159
48.227,-120.207,507,721,721,2014-07-21,2014-07-21,0,48.19480751859607,-120.25247919139035
48.167,-120.204,510,721,726,2014-07-26,2014-07-21,5,48.21516016970954,-120.19673759317658
48.218,-120.204,511,721,721,2014-07-21,2014-07-21,0,48.2195877757085,-120.21292877886415
48.208,-120.201,513,721,730,2014-07-30,2014-07-21,9,48.15647143304136,-120.27046242086698
48.198,-120.198,515,721,721,2014-07-21,2014-07-21,0,48.19517570700938,-120.19682490552225
48.249,-120.198,516,717,717,2014-07-17,2014-07-17,0,48.24591672668025,-120.17748390724134
48.188,-120.195,519,721,721,2014-07-21,2014-07-21,0,48.1390374343114,-120.21920225146887
48.239,-120.195,520,718,718,2014-07-18,2014-07-18,0,48.24864506853629,-120.21062002597134
48.179,-120.193,521,718,721,2014-07-21,2014-07-18,3,48.11244599895946,-120.1478959990021
48.229,-120.192,523,717,721,2014-07-21,2014-07-17,4,48.22351122846799,-120.2413265178662
48.169,-120.19,524,721,721,2014-07-21,2014-07-21,0,48.26303227973371,-120.22478037206444
48.22,-120.19,525,717,721,2014-07-21,2014-07-17,4,48.190765603067796,-120.2080657879395
48.27,-120.189,527,720,720,2014-07-20,2014-07-20,0,48.28284149573398,-120.18108582556096
48.21,-120.187,528,720,721,2014-07-21,2014-07-20,1,48.1760118576527,-120.14734996099668
48.2,-120.184,529,718,721,2014-07-21,2014-07-18,3,48.18806154230177,-120.23169214159724
48.19,-120.181,530,718,719,2014-07-19,2014-07-18,1,48.289847728171004,-120.11659543059942
48.241,-120.181,531,718,719,2014-07-19,2014-07-18,1,48.248154920125636,-120.19582823524564
48.13,-120.178,532,721,721,2014-07-21,2014-07-21,0,48.14506910098867,-120.22854825890919
48.231,-120.178,533,716,721,2014-07-21,2014-07-16,5,48.31699798720926,-120.17422817489872
48.12,-120.175,534,721,721,2014-07-21,2014-07-21,0,48.14115140047242,-120.22453476571633
48.171,-120.175,535,718,718,2014-07-18,2014-07-18,0,48.10339000378004,-120.18628868132045
48.11,-120.173,536,721,721,2014-07-21,2014-07-21,0,48.06243561991109,-120.11350984637306
48.161,-120.172,537,719,719,2014-07-19,2014-07-19,0,48.16843524234074,-120.19205673687004
48.212,-120.172,538,718,718,2014-07-18,2014-07-18,0,48.148315685211294,-120.18364667497407
48.262,-120.172,539,717,717,2014-07-17,2014-07-17,0,48.26752049374461,-120.16215090601557
48.202,-120.169,541,717,721,2014-07-21,2014-07-17,4,48.135600235186516,-120.12901580423095
48.253,-120.169,542,721,721,2014-07-21,2014-07-21,0,48.285799796865746,-120.1180390035373
48.141,-120.167,543,721,721,2014-07-21,2014-07-21,0,48.088164474129556,-120.19598946215751
48.192,-120.166,544,717,717,2014-07-17,2014-07-17,0,48.2448564985825,-120.17654012103814
48.243,-120.166,545,718,718,2014-07-18,2014-07-18,0,48.2201555779989,-120.19387637969687
48.496,-120.165,548,804,804,2014-08-04,2014-08-04,0,48.46248770627071,-120.18085681250663
48.132,-120.164,549,721,721,2014-07-21,2014-07-21,0,48.14501941387548,-120.15825091962135
48.182,-120.163,550,718,721,2014-07-21,2014-07-18,3,48.14743438343045,-120.15758735271616
48.233,-120.163,551,717,717,2014-07-17,2014-07-17,0,48.209946874339664,-120.13797115503571
48.385,-120.162,552,801,801,2014-08-01,2014-08-01,0,48.35392802271579,-120.16272599297302
48.487,-120.162,553,731,731,2014-07-31,2014-07-31,0,48.47532716698656,-120.1470604017281
48.173,-120.161,554,718,718,2014-07-18,2014-07-18,0,48.15761316013377,-120.13446630403527
48.223,-120.16,555,716,721,2014-07-21,2014-07-16,5,48.31134047100074,-120.168980606083
48.112,-120.158,556,721,721,2014-07-21,2014-07-21,0,48.13928486106511,-120.10737684202752
48.163,-120.158,557,718,718,2014-07-18,2014-07-18,0,48.1234745714424,-120.20941028412786
48.214,-120.157,558,716,717,2014-07-17,2014-07-16,1,48.18819530447428,-120.17191426878304
48.102,-120.155,559,721,721,2014-07-21,2014-07-21,0,48.2214908305694,-120.15150031354622
48.153,-120.155,560,718,721,2014-07-21,2014-07-18,3,48.124541471808215,-120.15795056540497
48.204,-120.155,561,717,718,2014-07-18,2014-07-17,1,48.27011808723356,-120.11350763445029
48.255,-120.154,562,721,721,2014-07-21,2014-07-21,0,48.27604256760816,-120.13111810397791
48.143,-120.152,563,718,718,2014-07-18,2014-07-18,0,48.101552565845445,-120.15906897426106
48.194,-120.152,564,717,717,2014-07-17,2014-07-17,0,48.110484609697046,-120.1734051633332
48.245,-120.151,565,717,722,2014-07-22,2014-07-17,5,48.293679611578135,-120.06523310205978
48.134,-120.149,566,718,730,2014-07-30,2014-07-18,12,48.11669873120431,-120.18209868544675
48.235,-120.149,567,716,717,2014-07-17,2014-07-16,1,48.203856213329516,-120.14116061660886
48.489,-120.147,568,721,731,2014-07-31,2014-07-21,10,48.478169816695775,-120.1382132218647
48.124,-120.146,569,718,721,2014-07-21,2014-07-18,3,48.078017551106605,-120.10959517599008
48.175,-120.146,570,716,720,2014-07-20,2014-07-16,4,48.12752386246184,-120.05869143691346
48.225,-120.146,571,716,717,2014-07-17,2014-07-16,1,48.253610582731696,-120.14705774925011
48.428,-120.145,573,718,718,2014-07-18,2014-07-18,0,48.45270155717194,-120.16758000971001
48.479,-120.144,574,718,731,2014-07-31,2014-07-18,13,48.5545619814135,-120.14493704396558
48.114,-120.143,575,718,718,2014-07-18,2014-07-18,0,48.09623387575834,-120.19025041268011
48.165,-120.143,576,718,718,2014-07-18,2014-07-18,0,48.13370384733444,-120.08210002350721
48.216,-120.143,577,715,721,2014-07-21,2014-07-15,6,48.302586545677705,-120.10929608066483
48.418,-120.142,578,718,718,2014-07-18,2014-07-18,0,48.37737342370922,-120.09056612330188
48.104,-120.141,579,720,720,2014-07-20,2014-07-20,0,48.10186735431598,-120.11991494807029
48.469,-120.141,580,718,718,2014-07-18,2014-07-18,0,48.471376562236436,-120.05378919727647
48.206,-120.14,581,717,717,2014-07-17,2014-07-17,0,48.29576733646285,-120.22178961042619
48.256,-120.14,582,717,717,2014-07-17,2014-07-17,0,48.33972717801347,-120.17818656058748
48.409,-120.139,584,718,718,2014-07-18,2014-07-18,0,48.413689083172,-120.15531023837454
48.51,-120.138,585,801,801,2014-08-01,2014-08-01,0,48.46740197191351,-120.12142716490807
48.145,-120.137,586,718,718,2014-07-18,2014-07-18,0,48.13612228540643,-120.14004901569226
48.136,-120.135,588,718,720,2014-07-20,2014-07-18,2,48.14720048148258,-120.1441068055094
48.5,-120.135,589,721,731,2014-07-31,2014-07-21,10,48.50441964037018,-120.11155357158825
48.186,-120.134,590,715,717,2014-07-17,2014-07-15,2,48.145730316275056,-120.05487889477519
48.237,-120.134,591,717,717,2014-07-17,2014-07-17,0,48.26232912423445,-120.17272917057561
48.389,-120.133,592,718,718,2014-07-18,2014-07-18,0,48.380663354422936,-120.10154916555462
48.49,-120.133,593,716,731,2014-07-31,2014-07-16,15,48.56942482995378,-120.08466637986317
48.126,-120.132,594,718,718,2014-07-18,2014-07-18,0,48.15634826071901,-120.15311471433711
48.227,-120.131,595,716,717,2014-07-17,2014-07-16,1,48.24907129327624,-120.11190790703924
48.43,-120.13,596,718,718,2014-07-18,2014-07-18,0,48.437712782772465,-120.11390477871943
48.481,-120.13,597,718,721,2014-07-21,2014-07-18,3,48.47167699230364,-120.10735534593813
48.116,-120.129,598,718,721,2014-07-21,2014-07-18,3,48.058444461654396,-120.20611129144399
48.167,-120.129,599,716,721,2014-07-21,2014-07-16,5,48.112034027573884,-120.14102903174519
48.217,-120.128,600,716,716,2014-07-16,2014-07-16,0,48.21796603173722,-120.06350607375829
48.42,-120.127,601,718,718,2014-07-18,2014-07-18,0,48.43516089558441,-120.10221345349247
48.471,-120.127,602,718,718,2014-07-18,2014-07-18,0,48.45347731796026,-120.16827211950235
48.106,-120.126,603,718,721,2014-07-21,2014-07-18,3,48.09069231543071,-120.15130863723331
48.157,-120.126,604,718,721,2014-07-21,2014-07-18,3,48.1829739063576,-120.14500663237749
48.522,-120.126,605,720,721,2014-07-21,2014-07-20,1,48.51629016898164,-120.11368676324413
48.411,-120.124,606,718,718,2014-07-18,2014-07-18,0,48.45768327978972,-120.08443790213178
48.461,-120.124,607,718,721,2014-07-21,2014-07-18,3,48.468422058084464,-120.10302731890003
48.512,-120.124,608,718,801,2014-08-01,2014-07-18,14,48.58140521546549,-120.1201956639174
48.046,-120.123,609,721,721,2014-07-21,2014-07-21,0,48.00608998722806,-120.1237945442828
48.097,-120.123,610,718,718,2014-07-18,2014-07-18,0,48.03840788438287,-120.10749032531088
48.198,-120.123,611,714,717,2014-07-17,2014-07-14,3,48.2189938054031,-120.18921626090152
48.35,-120.122,612,720,720,2014-07-20,2014-07-20,0,48.320786412617856,-120.10004468401519
48.401,-120.121,613,718,719,2014-07-19,2014-07-18,1,48.435428604721594,-120.08496322662504
48.502,-120.121,614,718,731,2014-07-31,2014-07-18,13,48.548922406861365,-120.05383630086914
48.137,-120.12,615,718,718,2014-07-18,2014-07-18,0,48.10247669384639,-120.14583231224212
48.188,-120.12,616,717,717,2014-07-17,2014-07-17,0,48.153495775879236,-120.11635698221122
48.239,-120.119,617,715,715,2014-07-15,2014-07-15,0,48.17543407481714,-120.13785943870232
48.492,-120.118,619,720,721,2014-07-21,2014-07-20,1,48.497552406572645,-120.15558383371611
48.128,-120.117,620,718,719,2014-07-19,2014-07-18,1,48.13418199896679,-120.07765779510413
48.178,-120.117,621,716,718,2014-07-18,2014-07-16,2,48.264916297045545,-120.08357598660712
48.229,-120.116,622,715,717,2014-07-17,2014-07-15,2,48.203059067294824,-120.14011050998863
48.432,-120.115,624,718,718,2014-07-18,2014-07-18,0,48.459543374366135,-120.14931634909156
48.483,-120.115,625,718,718,2014-07-18,2014-07-18,0,48.45818941533233,-120.11963014118382
48.533,-120.115,626,717,717,2014-07-17,2014-07-17,0,48.5992139073911,-120.1218096430596
48.118,-120.114,627,718,721,2014-07-21,2014-07-18,3,48.083250913672714,-120.14965049789427
48.219,-120.114,628,717,717,2014-07-17,2014-07-17,0,48.1838767874239,-120.1466641867662
48.057,-120.112,629,721,721,2014-07-21,2014-07-21,0,48.047523557796985,-120.09589402540661
48.422,-120.112,630,718,718,2014-07-18,2014-07-18,0,48.465238358152995,-120.10458983957811
48.473,-120.112,631,718,718,2014-07-18,2014-07-18,0,48.44929879734047,-120.16068019102033
48.524,-120.112,632,801,801,2014-08-01,2014-08-01,0,48.61364205167965,-120.09878221463103
48.108,-120.111,633,718,720,2014-07-20,2014-07-18,2,48.060208409642385,-120.10396580079342
48.311,-120.11,634,719,719,2014-07-19,2014-07-19,0,48.319285161864244,-120.11545075344345
48.412,-120.11,635,719,719,2014-07-19,2014-07-19,0,48.37294382523803,-120.09149433159502
48.048,-120.109,636,721,721,2014-07-21,2014-07-21,0,48.09632420998593,-120.08392219620991
48.098,-120.109,637,718,721,2014-07-21,2014-07-18,3,48.13802531872843,-120.01325918482196
48.463,-120.109,638,718,718,2014-07-18,2014-07-18,0,48.54163788735465,-120.13474952816567
48.514,-120.109,639,718,731,2014-07-31,2014-07-18,13,48.51537259598517,-120.13398406693692
48.149,-120.108,640,718,718,2014-07-18,2014-07-18,0,48.079717120586054,-120.13150774724932
48.251,-120.108,641,714,714,2014-07-14,2014-07-14,0,48.22572792857671,-120.15224448450581
48.403,-120.107,642,718,718,2014-07-18,2014-07-18,0,48.387607828719474,-120.11994580125678
48.038,-120.106,643,721,721,2014-07-21,2014-07-21,0,48.00500297622736,-120.0783011346811
48.089,-120.106,644,718,718,2014-07-18,2014-07-18,0,48.04890878415,-120.09146124087385
48.504,-120.106,645,718,731,2014-07-31,2014-07-18,13,48.52577732930183,-120.07913002392428
48.139,-120.105,646,718,718,2014-07-18,2014-07-18,0,48.13442302105203,-120.16635845173099
48.19,-120.105,647,716,717,2014-07-17,2014-07-16,1,48.27540418697282,-120.10655763598345
48.241,-120.105,648,715,716,2014-07-16,2014-07-15,1,48.208070728027174,-120.05909077732635
48.079,-120.103,649,721,721,2014-07-21,2014-07-21,0,48.087447665402266,-120.08569685904324
48.444,-120.103,650,716,716,2014-07-16,2014-07-16,0,48.39916233220505,-120.07233843122987
48.494,-120.103,651,716,729,2014-07-29,2014-07-16,13,48.528028048859916,-120.1697617918618
48.18,-120.102,653,716,717,2014-07-17,2014-07-16,1,48.17113997749333,-120.0800670876663
48.231,-120.102,654,715,718,2014-07-18,2014-07-15,3,48.24116658915654,-120.09085110596823
48.383,-120.101,655,719,719,2014-07-19,2014-07-19,0,48.36734278463502,-120.11115381899855
48.434,-120.101,656,717,718,2014-07-18,2014-07-17,1,48.38495772121903,-120.07434557380218
48.12,-120.1,657,718,719,2014-07-19,2014-07-18,1,48.11408756598363,-120.02244689211209
48.485,-120.1,658,718,721,2014-07-21,2014-07-18,3,48.53935252966613,-120.13760459723154
48.171,-120.099,659,716,716,2014-07-16,2014-07-16,0,48.15934515766224,-120.0774664601319
48.221,-120.099,660,714,714,2014-07-14,2014-07-14,0,48.16070742083345,-120.03230544194959
48.424,-120.098,661,719,719,2014-07-19,2014-07-19,0,48.49225560539077,-120.12700129614485
48.009,-120.097,662,721,721,2014-07-21,2014-07-21,0,48.05800129096299,-120.11632595072852
48.059,-120.097,663,721,721,2014-07-21,2014-07-21,0,48.06043773917209,-120.18480176960065
48.11,-120.097,664,719,719,2014-07-19,2014-07-19,0,48.068446026084366,-120.13947595173659
48.475,-120.097,665,716,718,2014-07-18,2014-07-16,2,48.48705176606681,-120.10079474328094
48.525,-120.097,666,718,802,2014-08-02,2014-07-18,15,48.48074828144596,-120.0565354267901
48.212,-120.096,667,715,715,2014-07-15,2014-07-15,0,48.2103488185884,-120.12069450356148
48.414,-120.095,668,717,718,2014-07-18,2014-07-17,1,48.41316608800522,-120.14313883252136
48.465,-120.095,669,717,718,2014-07-18,2014-07-17,1,48.43459625890829,-120.17114048069442
48.05,-120.094,670,721,721,2014-07-21,2014-07-21,0,48.02257783280264,-120.08175350220766
48.1,-120.094,671,718,719,2014-07-19,2014-07-18,1,48.066793824569665,-120.08389260456732
48.516,-120.094,672,721,801,2014-08-01,2014-07-21,11,48.50343466315928,-120.09570879192468
48.202,-120.093,673,716,717,2014-07-17,2014-07-16,1,48.15745203702162,-120.08099101905673
48.354,-120.092,674,718,718,2014-07-18,2014-07-18,0,48.33269147406189,-120.08688964698116
48.455,-120.092,675,718,718,2014-07-18,2014-07-18,0,48.50694008308727,-120.06848778155118
48.091,-120.091,676,718,721,2014-07-21,2014-07-18,3,47.96838572515025,-120.06061706340743
48.506,-120.091,677,718,805,2014-08-05,2014-07-18,18,48.4916728390548,-120.03991265877835
48.192,-120.09,678,715,717,2014-07-17,2014-07-15,2,48.12319904222854,-120.09205350715544
48.243,-120.09,679,715,715,2014-07-15,2014-07-15,0,48.25090648402926,-120.12214616736604
48.446,-120.089,680,717,718,2014-07-18,2014-07-17,1,48.495602903157575,-120.14389460993739
48.081,-120.088,681,718,718,2014-07-18,2014-07-18,0,48.02952367052751,-120.11710886777126
48.182,-120.088,682,716,718,2014-07-18,2014-07-16,2,48.168634168085056,-120.15568089691189
48.496,-120.088,683,718,718,2014-07-18,2014-07-18,0,48.45905437118076,-120.06418309588278
48.233,-120.087,684,718,718,2014-07-18,2014-07-18,0,48.22087055504835,-120.01891540694851
48.284,-120.087,685,717,720,2014-07-20,2014-07-17,3,48.33950033424682,-120.14099089761783
48.334,-120.087,686,718,720,2014-07-20,2014-07-18,2,48.34743357828971,-120.1131689056966
48.02,-120.086,687,721,721,2014-07-21,2014-07-21,0,47.99080875261418,-120.10229125293975
48.385,-120.086,688,720,720,2014-07-20,2014-07-20,0,48.34713194306426,-120.20367444401515
48.436,-120.086,689,717,731,2014-07-31,2014-07-17,14,48.3890839891758,-120.14655616001008
48.486,-120.086,690,717,730,2014-07-30,2014-07-17,13,48.49971948586307,-120.1328946072299
48.071,-120.085,691,718,721,2014-07-21,2014-07-18,3,48.093406488145476,-120.14307165991131
48.223,-120.084,692,718,718,2014-07-18,2014-07-18,0,48.217444414869064,-120.0936510684477
48.011,-120.083,693,721,721,2014-07-21,2014-07-21,0,48.05077267099779,-120.07087115661427
48.061,-120.083,694,718,721,2014-07-21,2014-07-18,3,48.01863035479048,-120.08972183558296
48.375,-120.083,695,719,719,2014-07-19,2014-07-19,0,48.3378252779567,-120.0380291576235
48.426,-120.083,696,717,717,2014-07-17,2014-07-17,0,48.44719680286426,-120.12622163535396
48.477,-120.083,697,716,718,2014-07-18,2014-07-16,2,48.50190336267622,-120.130226155191
48.213,-120.082,698,718,718,2014-07-18,2014-07-18,0,48.20639086966469,-120.14773310624832
48.527,-120.082,699,721,802,2014-08-02,2014-07-21,12,48.532507872533934,-120.05591778159739
48.366,-120.081,700,719,719,2014-07-19,2014-07-19,0,48.30422975250952,-120.0880798116413
48.001,-120.08,701,721,721,2014-07-21,2014-07-21,0,48.013109330419276,-120.07899795946722
48.052,-120.08,702,718,721,2014-07-21,2014-07-18,3,48.02825080385922,-120.10034636351368
48.416,-120.08,703,716,716,2014-07-16,2014-07-16,0,48.4368637849498,-120.0297279762867
48.518,-120.08,704,729,731,2014-07-31,2014-07-29,2,48.50907017311632,-120.12851028804084
48.153,-120.079,705,718,718,2014-07-18,2014-07-18,0,48.15742660677804,-120.07983602418938
48.204,-120.079,706,717,717,2014-07-17,2014-07-17,0,48.21047529020531,-120.07745901756319
48.254,-120.078,707,715,720,2014-07-20,2014-07-15,5,48.20014919120015,-120.01271450259532
48.356,-120.078,708,720,720,2014-07-20,2014-07-20,0,48.38086523354228,-120.08661733846884
48.042,-120.077,709,721,721,2014-07-21,2014-07-21,0,48.06023903804287,-120.0188422374178
48.457,-120.077,710,715,717,2014-07-17,2014-07-15,2,48.4167667900754,-120.1277152164871
48.508,-120.077,711,718,806,2014-08-06,2014-07-18,19,48.57723427130043,-120.12806559337302
48.143,-120.076,712,718,718,2014-07-18,2014-07-18,0,48.15376968778821,-120.00889402768298
48.194,-120.076,713,716,717,2014-07-17,2014-07-16,1,48.16861832813254,-120.10076380394509
48.245,-120.076,714,718,718,2014-07-18,2014-07-18,0,48.22968782418393,-120.02547850717669
48.032,-120.074,715,720,721,2014-07-21,2014-07-20,1,48.09643038247002,-120.11835870687585
48.083,-120.074,716,718,721,2014-07-21,2014-07-18,3,48.10739179301459,-120.04259057893206
48.447,-120.074,717,731,731,2014-07-31,2014-07-31,0,48.41009729608379,-120.08975539524418
48.498,-120.074,718,716,805,2014-08-05,2014-07-16,20,48.49720260828412,-120.04931189658635
48.184,-120.073,719,716,717,2014-07-17,2014-07-16,1,48.167591221281825,-120.05261230294767
48.235,-120.073,720,716,719,2014-07-19,2014-07-16,3,48.24013223736935,-120.04154155853199
48.336,-120.072,721,718,718,2014-07-18,2014-07-18,0,48.35044596803891,-120.11781970960702
48.387,-120.072,722,718,719,2014-07-19,2014-07-18,1,48.37091321971833,-120.09052004471455
48.073,-120.071,723,718,721,2014-07-21,2014-07-18,3,48.073203831038974,-120.0246728291926
48.124,-120.071,724,718,718,2014-07-18,2014-07-18,0,48.11177247327788,-120.12900779195652
48.438,-120.071,725,717,717,2014-07-17,2014-07-17,0,48.501058157259365,-120.06644940036017
48.488,-120.071,726,718,731,2014-07-31,2014-07-18,13,48.533783496323224,-120.13320607353288
48.174,-120.07,727,717,717,2014-07-17,2014-07-17,0,48.199467330246144,-120.00764958597254
48.225,-120.07,728,717,718,2014-07-18,2014-07-17,1,48.2421848066167,-120.03610210597907
48.012,-120.068,729,721,721,2014-07-21,2014-07-21,0,48.01954411738512,-120.03153139932824
48.063,-120.068,730,718,721,2014-07-21,2014-07-18,3,48.07267428083759,-120.06457479379252
48.428,-120.068,731,717,717,2014-07-17,2014-07-17,0,48.47813308115617,-120.04082752017945
48.479,-120.068,732,716,718,2014-07-18,2014-07-16,2,48.44725883801044,-120.08312323480902
48.529,-120.068,733,731,803,2014-08-03,2014-07-31,3,48.5863846492614,-120.05167141658383
48.215,-120.067,734,716,718,2014-07-18,2014-07-16,2,48.186164014988776,-120.08056985684527
48.266,-120.067,735,721,721,2014-07-21,2014-07-21,0,48.253471084933544,-120.11453253822759
48.003,-120.066,736,721,721,2014-07-21,2014-07-21,0,48.044127831394135,-120.06114360974892
48.053,-120.065,737,718,721,2014-07-21,2014-07-18,3,48.02695300694225,-120.10269807142353
48.469,-120.065,738,716,718,2014-07-18,2014-07-16,2,48.5049201917804,-120.03398980084862
48.52,-120.065,739,721,806,2014-08-06,2014-07-21,16,48.494194955960545,-120.00481106652126
48.155,-120.064,740,717,717,2014-07-17,2014-07-17,0,48.169732319309986,-120.06814851622454
48.206,-120.064,741,717,718,2014-07-18,2014-07-17,1,48.10351223803481,-120.12179237009198
48.256,-120.064,742,717,717,2014-07-17,2014-07-17,0,48.213733755876916,-120.04421629773016
48.307,-120.063,743,718,718,2014-07-18,2014-07-18,0,48.26733362721197,-120.03342020946819
48.408,-120.063,744,717,717,2014-07-17,2014-07-17,0,48.35149892171718,-120.07187088243582
48.044,-120.062,745,718,718,2014-07-18,2014-07-18,0,48.065338997501236,-120.05573909120986
48.51,-120.062,746,731,806,2014-08-06,2014-07-31,6,48.50865342155939,-120.0454600845431
48.196,-120.061,747,716,718,2014-07-18,2014-07-16,2,48.15384158042556,-120.07509737387073
48.297,-120.061,748,718,718,2014-07-18,2014-07-18,0,48.32171548650321,-120.10670543063216
48.034,-120.059,749,721,721,2014-07-21,2014-07-21,0,48.02487685404092,-120.08566644362844
48.085,-120.059,750,721,721,2014-07-21,2014-07-21,0,48.14633267467591,-120.05953340456661
48.135,-120.059,751,717,717,2014-07-17,2014-07-17,0,48.121001408480524,-120.11987778136103
48.449,-120.059,752,716,717,2014-07-17,2014-07-16,1,48.511045706533274,-120.10163768969738
48.5,-120.059,753,718,801,2014-08-01,2014-07-18,14,48.519827145963916,-120.01918470515386
48.237,-120.058,754,718,721,2014-07-21,2014-07-18,3,48.25039175200334,-120.06664791660995
48.287,-120.058,755,718,721,2014-07-21,2014-07-18,3,48.33338717514877,-120.0391655710519
48.024,-120.057,756,721,721,2014-07-21,2014-07-21,0,48.06755790314752,-120.03245758884852
48.338,-120.057,757,718,719,2014-07-19,2014-07-18,1,48.28744858659964,-119.99176927887062
48.44,-120.057,758,717,717,2014-07-17,2014-07-17,0,48.38386318970633,-120.07801443080339
48.075,-120.056,759,718,718,2014-07-18,2014-07-18,0,48.117075246116215,-120.07680426312336
48.176,-120.056,760,716,717,2014-07-17,2014-07-16,1,48.18794444804549,-120.08495680074999
48.49,-120.056,761,731,810,2014-08-10,2014-07-31,10,48.49744359488598,-119.98888339985034
48.227,-120.055,763,717,731,2014-07-31,2014-07-17,14,48.192952220527495,-120.01807513867305
48.278,-120.055,764,717,717,2014-07-17,2014-07-17,0,48.235335980021596,-120.03021634523596
48.43,-120.054,765,717,717,2014-07-17,2014-07-17,0,48.4607455429342,-120.10646410408047
48.065,-120.053,766,718,718,2014-07-18,2014-07-18,0,48.03259968081505,-120.08298571724379
48.481,-120.053,767,717,808,2014-08-08,2014-07-17,22,48.47302214554312,-120.09188726973944
48.217,-120.052,768,717,731,2014-07-31,2014-07-17,14,48.257269387133604,-120.0521718689353
48.268,-120.052,769,717,720,2014-07-20,2014-07-17,3,48.293852258057825,-120.11949220557821
48.319,-120.052,770,718,718,2014-07-18,2014-07-18,0,48.309813141309924,-120.16431236407932
48.055,-120.051,771,718,718,2014-07-18,2014-07-18,0,48.05479546986152,-120.04001594657478
48.471,-120.051,772,717,718,2014-07-18,2014-07-17,1,48.55494551701973,-120.04653286780224
48.207,-120.05,773,717,731,2014-07-31,2014-07-17,14,48.238468902238345,-120.05016441020076
48.521,-120.05,774,805,806,2014-08-06,2014-08-05,1,48.55835796064712,-119.97664601445909
48.309,-120.049,775,718,719,2014-07-19,2014-07-18,1,48.30739213911036,-120.04137545718719
48.046,-120.048,776,718,721,2014-07-21,2014-07-18,3,48.09490038496379,-120.0611858206327
48.41,-120.048,777,717,717,2014-07-17,2014-07-17,0,48.36163548615616,-120.0216978417249
48.461,-120.048,778,717,718,2014-07-18,2014-07-17,1,48.45595900645602,-120.10732353911064
48.096,-120.047,779,718,718,2014-07-18,2014-07-18,0,48.1353790550033,-120.0285360681469
48.147,-120.047,780,717,717,2014-07-17,2014-07-17,0,48.12054024191289,-120.0582196551301
48.198,-120.047,781,717,731,2014-07-31,2014-07-17,14,48.239132638723206,-120.11775538157954
48.512,-120.047,782,717,808,2014-08-08,2014-07-17,22,48.536387320801175,-119.99806137699552
48.248,-120.046,783,717,717,2014-07-17,2014-07-17,0,48.255068890177974,-120.15379514893985
48.299,-120.046,784,718,718,2014-07-18,2014-07-18,0,48.31532604387233,-120.03920594679632
48.036,-120.045,785,718,718,2014-07-18,2014-07-18,0,48.06918023401793,-120.04400774164468
48.401,-120.045,786,717,731,2014-07-31,2014-07-17,14,48.44459723766284,-120.03594086657068
48.451,-120.045,787,717,717,2014-07-17,2014-07-17,0,48.536090109821814,-120.01485989275552
48.188,-120.044,788,717,719,2014-07-19,2014-07-17,2,48.28806520171843,-120.02647639323028
48.239,-120.043,789,717,721,2014-07-21,2014-07-17,4,48.155707977360976,-120.08128564211727
48.289,-120.043,790,717,718,2014-07-18,2014-07-17,1,48.32841582984281,-120.02619143840563
48.026,-120.042,791,718,721,2014-07-21,2014-07-18,3,48.10186976275662,-120.00399529178756
48.077,-120.042,792,718,718,2014-07-18,2014-07-18,0,48.12219858794146,-120.04459213271961
48.391,-120.042,793,731,731,2014-07-31,2014-07-31,0,48.35660004133236,-119.99640381758975
48.441,-120.042,794,717,717,2014-07-17,2014-07-17,0,48.462004212286466,-120.0618534470149
48.178,-120.041,795,717,717,2014-07-17,2014-07-17,0,48.25431355742381,-120.03810661812048
48.229,-120.041,796,718,718,2014-07-18,2014-07-18,0,48.1882084688454,-119.95419166699011
48.28,-120.04,797,718,718,2014-07-18,2014-07-18,0,48.215091861701815,-120.07632314768655
48.067,-120.039,798,718,718,2014-07-18,2014-07-18,0,48.08036307122718,-120.08717063462147
48.432,-120.039,799,716,717,2014-07-17,2014-07-16,1,48.381037332189635,-120.07518447274809
48.219,-120.038,800,717,731,2014-07-31,2014-07-17,14,48.195109964960885,-120.01336950167975
48.27,-120.037,801,717,721,2014-07-21,2014-07-17,4,48.26383764923419,-120.05271566478939
48.007,-120.036,802,720,721,2014-07-21,2014-07-20,1,47.96841235391176,-119.99085710082888
48.057,-120.036,803,718,719,2014-07-19,2014-07-18,1,48.05345289283207,-120.02750183089061
48.422,-120.036,804,717,718,2014-07-18,2014-07-17,1,48.34590633722143,-120.00645537511035
48.473,-120.036,805,717,730,2014-07-30,2014-07-17,13,48.51251084787761,-120.0869321196318
48.159,-120.035,806,717,717,2014-07-17,2014-07-17,0,48.21367724743359,-120.0320408579212
48.209,-120.035,807,716,731,2014-07-31,2014-07-16,15,48.24842821756252,-120.03514278855553
48.26,-120.035,808,717,721,2014-07-21,2014-07-17,4,48.27169650469271,-120.08239957147853
47.997,-120.034,809,721,721,2014-07-21,2014-07-21,0,48.00897464003814,-120.08384885804374
48.311,-120.034,810,718,718,2014-07-18,2014-07-18,0,48.31667024804815,-120.09655394015557
48.047,-120.033,811,718,719,2014-07-19,2014-07-18,1,47.991058132570544,-120.0224540049496
48.463,-120.033,812,717,717,2014-07-17,2014-07-17,0,48.43735349641134,-120.04922463215564
48.514,-120.033,813,804,804,2014-08-04,2014-08-04,0,48.55251636783293,-119.97797108978168
48.2,-120.032,814,718,731,2014-07-31,2014-07-18,13,48.18247058821489,-120.11095382368018
48.25,-120.032,815,720,721,2014-07-21,2014-07-20,1,48.22693964296976,-119.98747209892217
48.301,-120.031,816,718,718,2014-07-18,2014-07-18,0,48.28068657571692,-120.04929742418605
48.402,-120.031,817,717,731,2014-07-31,2014-07-17,14,48.3092657159239,-120.07668032309869
48.038,-120.03,818,718,718,2014-07-18,2014-07-18,0,48.05528555804024,-119.96825768712164
48.139,-120.03,819,717,717,2014-07-17,2014-07-17,0,48.163658334048854,-120.03137439750701
48.453,-120.03,820,717,718,2014-07-18,2014-07-17,1,48.470812930903605,-120.06225460775333
48.19,-120.029,821,717,717,2014-07-17,2014-07-17,0,48.16134558242536,-120.01447774253134
48.241,-120.029,822,717,720,2014-07-20,2014-07-17,3,48.14867389330507,-120.15316043159946
48.028,-120.028,823,718,718,2014-07-18,2014-07-18,0,48.03655300603173,-120.04873744710238
48.291,-120.028,824,718,718,2014-07-18,2014-07-18,0,48.288152132197155,-120.0108769546203
48.393,-120.028,825,717,731,2014-07-31,2014-07-17,14,48.374183516497396,-120.04650966455907
48.129,-120.027,826,717,717,2014-07-17,2014-07-17,0,48.12235969028472,-120.0065163613637
48.443,-120.027,827,717,718,2014-07-18,2014-07-17,1,48.53416802640834,-119.97565660028313
48.231,-120.026,828,717,718,2014-07-18,2014-07-17,1,48.245846659041455,-119.98736945889198
48.282,-120.026,829,718,718,2014-07-18,2014-07-18,0,48.264717310953394,-120.04156037935655
48.018,-120.025,830,721,721,2014-07-21,2014-07-21,0,47.94403834256969,-119.97384792039357
48.383,-120.025,831,719,719,2014-07-19,2014-07-19,0,48.42024353565105,-120.05507970205191
48.069,-120.024,832,718,718,2014-07-18,2014-07-18,0,48.03352579712888,-120.0483624343286
48.434,-120.024,833,717,718,2014-07-18,2014-07-17,1,48.43333535347396,-120.00521240445785
48.484,-120.024,834,730,730,2014-07-30,2014-07-30,0,48.455086205680836,-120.06656410008806
48.221,-120.023,835,718,731,2014-07-31,2014-07-18,13,48.2010699618846,-119.97386200243908
48.272,-120.023,836,718,727,2014-07-27,2014-07-18,9,48.2935052275496,-119.95830225327649
48.322,-120.022,837,718,718,2014-07-18,2014-07-18,0,48.321046434136214,-120.05715846477213
48.373,-120.022,838,717,717,2014-07-17,2014-07-17,0,48.3881184924794,-120.08998829849926
48.059,-120.021,839,718,719,2014-07-19,2014-07-18,1,48.097102760483835,-119.97878698473426
48.161,-120.021,840,717,717,2014-07-17,2014-07-17,0,48.17733652115716,-119.98629233870186
48.475,-120.021,841,717,731,2014-07-31,2014-07-17,14,48.488066379497994,-119.95876154737263
48.525,-120.021,842,731,807,2014-08-07,2014-07-31,7,48.52474200675403,-120.03870321724978
48.211,-120.02,843,716,718,2014-07-18,2014-07-16,2,48.09679342270252,-119.9898098079206
48.262,-120.02,844,718,721,2014-07-21,2014-07-18,3,48.18582880805817,-120.00551265973765
48.049,-120.019,845,718,719,2014-07-19,2014-07-18,1,47.99259231833882,-120.02340347029053
48.414,-120.019,846,717,731,2014-07-31,2014-07-17,14,48.42089724652855,-120.06494253196568
48.151,-120.018,847,718,718,2014-07-18,2014-07-18,0,48.12863692007263,-120.02441641058796
48.465,-120.018,848,729,729,2014-07-29,2014-07-29,0,48.44348984205359,-120.0623755389204
48.202,-120.017,849,718,718,2014-07-18,2014-07-18,0,48.207639286085026,-119.93597951529787
48.252,-120.017,850,721,721,2014-07-21,2014-07-21,0,48.268540979952874,-120.03261117397574
48.303,-120.017,851,718,718,2014-07-18,2014-07-18,0,48.22648280708029,-119.99512888079558
48.04,-120.016,852,718,719,2014-07-19,2014-07-18,1,48.07690397340934,-120.0007112370018
48.404,-120.016,853,717,721,2014-07-21,2014-07-17,4,48.417060299644234,-119.9535873234841
48.141,-120.015,854,717,717,2014-07-17,2014-07-17,0,48.16465562267575,-119.98832631234734
48.192,-120.015,855,719,719,2014-07-19,2014-07-19,0,48.21405331136844,-119.99979236725844
48.455,-120.015,856,718,731,2014-07-31,2014-07-18,13,48.50545933198792,-120.02312919629324
48.242,-120.014,857,717,721,2014-07-21,2014-07-17,4,48.282169217806484,-120.0105271803468
48.293,-120.014,858,718,718,2014-07-18,2014-07-18,0,48.33959929565353,-120.03907735914619
48.03,-120.013,859,718,719,2014-07-19,2014-07-18,1,48.07732605834116,-120.04329904748514
48.395,-120.013,860,717,721,2014-07-21,2014-07-17,4,48.449774035786575,-119.93292367252388
48.445,-120.013,861,718,731,2014-07-31,2014-07-18,13,48.46708871663357,-120.1048214537773
48.182,-120.012,862,716,717,2014-07-17,2014-07-16,1,48.22015221934219,-120.04051106484809
48.496,-120.012,863,717,717,2014-07-17,2014-07-17,0,48.42888295412877,-120.02041212583534
48.233,-120.011,864,715,715,2014-07-15,2014-07-15,0,48.24073349413656,-119.99432376780545
48.283,-120.011,865,718,804,2014-08-04,2014-07-18,17,48.312919296358,-119.97835793879806
48.02,-120.01,866,718,720,2014-07-20,2014-07-18,2,47.999247089040104,-120.02240706967339
48.436,-120.01,867,718,718,2014-07-18,2014-07-18,0,48.44939434998381,-120.00193226896019
48.122,-120.009,868,717,717,2014-07-17,2014-07-17,0,48.14642444008265,-120.02456653859423
48.223,-120.009,869,717,730,2014-07-30,2014-07-17,13,48.284103204555144,-119.99875182953576
48.274,-120.008,870,718,721,2014-07-21,2014-07-18,3,48.29468439501382,-119.95510199534898
48.061,-120.007,871,718,718,2014-07-18,2014-07-18,0,48.077404326986695,-120.03400662059364
48.112,-120.007,872,718,718,2014-07-18,2014-07-18,0,48.13207605495588,-120.02723635638421
48.426,-120.007,873,717,721,2014-07-21,2014-07-17,4,48.42894586814074,-120.0669218193678
48.162,-120.006,874,717,717,2014-07-17,2014-07-17,0,48.09479010348099,-119.93198964830212
48.213,-120.006,875,716,718,2014-07-18,2014-07-16,2,48.1924495551806,-120.02802166033189
48.264,-120.005,876,718,807,2014-08-07,2014-07-18,20,48.274379809395256,-120.01092096863793
48.315,-120.005,877,718,718,2014-07-18,2014-07-18,0,48.260723833559844,-119.99105281652054
48.051,-120.004,878,718,719,2014-07-19,2014-07-18,1,48.01307914665626,-120.06661585844452
48.416,-120.004,879,717,718,2014-07-18,2014-07-17,1,48.41316681022603,-119.97040546410177
48.467,-120.004,880,717,731,2014-07-31,2014-07-17,14,48.41660474233334,-119.97540399450708
48.203,-120.003,881,718,718,2014-07-18,2014-07-18,0,48.17971251796058,-119.99067399244879
48.254,-120.002,882,721,731,2014-07-31,2014-07-21,10,48.24064489841972,-120.08922051522832
48.042,-120.001,883,718,718,2014-07-18,2014-07-18,0,48.01645045111537,-119.98332482409779
48.092,-120.001,884,718,718,2014-07-18,2014-07-18,0,48.03070139388973,-120.03202317276278
48.406,-120.001,885,717,727,2014-07-27,2014-07-17,10,48.4573191812118,-119.95801090339633
48.143,-120,886,717,717,2014-07-17,2014-07-17,0,48.16331882823677,-119.98391104378338
48.194,-120,887,717,717,2014-07-17,2014-07-17,0,48.23516612928943,-119.9379713138435
48.244,-120,888,721,731,2014-07-31,2014-07-21,10,48.25200666223584,-120.07671934321611
48.295,-119.999,889,718,718,2014-07-18,2014-07-18,0,48.30835048626655,-119.99698466054379
48.032,-119.998,890,718,719,2014-07-19,2014-07-18,1,48.04565927067306,-119.98607393388926
48.396,-119.998,891,717,717,2014-07-17,2014-07-17,0,48.36065772419062,-120.06943848958164
48.447,-119.998,892,718,730,2014-07-30,2014-07-18,12,48.512605789446226,-119.98819111093592
48.184,-119.997,893,715,717,2014-07-17,2014-07-15,2,48.133309005694095,-120.03740557026302
48.235,-119.997,894,717,717,2014-07-17,2014-07-17,0,48.19728860336019,-119.97372944295532
48.022,-119.996,895,718,722,2014-07-22,2014-07-18,4,47.994439050169966,-119.99842971992324
48.285,-119.996,896,718,718,2014-07-18,2014-07-18,0,48.339053358202776,-119.99447594996141
48.387,-119.996,897,721,721,2014-07-21,2014-07-21,0,48.40339968946324,-119.93599849538164
48.437,-119.995,898,717,721,2014-07-21,2014-07-17,4,48.459406018385224,-120.01506730650685
48.488,-119.995,899,717,717,2014-07-17,2014-07-17,0,48.51723900229951,-119.95227306158294
48.174,-119.994,900,717,717,2014-07-17,2014-07-17,0,48.149309731550105,-119.9589935302834
48.225,-119.994,901,731,731,2014-07-31,2014-07-31,0,48.23850431954418,-119.98161916459215
48.276,-119.994,902,718,718,2014-07-18,2014-07-18,0,48.19550146660016,-119.98791104765871
48.377,-119.993,903,721,721,2014-07-21,2014-07-21,0,48.37239662414754,-119.97738491098248
48.063,-119.992,904,718,718,2014-07-18,2014-07-18,0,48.035564911832076,-119.93563466803099
48.164,-119.992,905,716,716,2014-07-16,2014-07-16,0,48.1466533154465,-120.01593948006006
48.428,-119.992,906,719,801,2014-08-01,2014-07-19,13,48.44065664993701,-120.06091377133113
48.478,-119.992,907,731,731,2014-07-31,2014-07-31,0,48.52574632637141,-119.94495337718871
48.215,-119.991,908,716,721,2014-07-21,2014-07-16,5,48.27371682520758,-119.91624264019211
48.266,-119.991,909,718,806,2014-08-06,2014-07-18,19,48.3233169682967,-120.04806794482987
48.053,-119.99,910,718,718,2014-07-18,2014-07-18,0,48.0031185670127,-119.97788857478949
48.316,-119.99,911,718,718,2014-07-18,2014-07-18,0,48.3039311805642,-120.04254159339087
48.367,-119.99,912,717,717,2014-07-17,2014-07-17,0,48.315293152590215,-119.96891943161903
48.418,-119.989,913,718,801,2014-08-01,2014-07-18,14,48.439691960226725,-120.03323326854321
48.469,-119.989,914,731,731,2014-07-31,2014-07-31,0,48.40711311259367,-120.00876438072322
48.205,-119.988,915,717,717,2014-07-17,2014-07-17,0,48.2297975102098,-120.02347778342235
48.256,-119.988,916,719,730,2014-07-30,2014-07-19,11,48.270525475609446,-119.98036821492117
48.408,-119.987,917,718,721,2014-07-21,2014-07-18,3,48.417729286423956,-119.93165285227604
48.145,-119.986,918,717,717,2014-07-17,2014-07-17,0,48.090258900940576,-119.98384324122623
48.196,-119.985,919,716,717,2014-07-17,2014-07-16,1,48.21191747760497,-120.03418910679231
48.246,-119.985,920,717,730,2014-07-30,2014-07-17,13,48.35408003926687,-119.97203993229121
48.297,-119.985,921,718,718,2014-07-18,2014-07-18,0,48.38279826026553,-119.9765422218774
48.398,-119.984,922,720,721,2014-07-21,2014-07-20,1,48.4467337728129,-119.8876817106532
48.186,-119.983,923,717,717,2014-07-17,2014-07-17,0,48.1749972134928,-119.95907243645067
48.449,-119.983,924,718,721,2014-07-21,2014-07-18,3,48.45008127195374,-119.91902588952941
48.236,-119.982,925,717,802,2014-08-02,2014-07-17,16,48.19932331664362,-120.02532158777629
48.287,-119.982,926,718,718,2014-07-18,2014-07-18,0,48.284510434158136,-120.0352368813556
48.024,-119.981,927,721,721,2014-07-21,2014-07-21,0,48.02806047879697,-119.95734793191066
48.389,-119.981,928,717,721,2014-07-21,2014-07-17,4,48.403727316632036,-120.0275260767393
48.176,-119.98,929,717,717,2014-07-17,2014-07-17,0,48.179381260831654,-120.01973705226905
48.439,-119.98,930,718,718,2014-07-18,2014-07-18,0,48.414607381448874,-119.89538653319576
48.227,-119.979,931,731,731,2014-07-31,2014-07-31,0,48.19665142889579,-119.90879543721728
48.277,-119.979,932,718,803,2014-08-03,2014-07-18,16,48.25795646845567,-119.94256602265948
48.379,-119.978,933,718,718,2014-07-18,2014-07-18,0,48.41118679754153,-119.94937580627571
48.43,-119.978,934,718,802,2014-08-02,2014-07-18,15,48.49619723042511,-119.960364109878
48.166,-119.977,935,716,716,2014-07-16,2014-07-16,0,48.18913951368684,-120.01310661661039
48.48,-119.977,936,717,717,2014-07-17,2014-07-17,0,48.436654759101536,-119.96638800641398
48.217,-119.976,937,717,717,2014-07-17,2014-07-17,0,48.17066650680857,-119.96764524710026
48.268,-119.976,938,718,718,2014-07-18,2014-07-18,0,48.25008507430427,-119.9138026923563
48.42,-119.975,939,718,731,2014-07-31,2014-07-18,13,48.41357818829771,-120.01609667806309
48.207,-119.974,940,717,731,2014-07-31,2014-07-17,14,48.25603172572401,-120.02914011921476
48.47,-119.974,941,717,717,2014-07-17,2014-07-17,0,48.477651259902956,-120.03057394901016
48.258,-119.973,942,717,807,2014-08-07,2014-07-17,21,48.22784317152274,-119.93563564385597
48.41,-119.972,943,717,731,2014-07-31,2014-07-17,14,48.35383089178564,-119.95840123758622
48.147,-119.971,944,717,717,2014-07-17,2014-07-17,0,48.14222492052471,-120.00973948555148
48.197,-119.971,945,717,717,2014-07-17,2014-07-17,0,48.24064029595539,-119.91440134624474
48.248,-119.97,946,722,731,2014-07-31,2014-07-22,9,48.32984225794557,-119.94479720061773
48.036,-119.969,947,718,718,2014-07-18,2014-07-18,0,47.99709788800876,-120.02474753124712
48.4,-119.969,948,718,729,2014-07-29,2014-07-18,11,48.416539577990186,-119.91468264872033
48.451,-119.969,949,721,721,2014-07-21,2014-07-21,0,48.382165530406986,-120.04957837069722
48.188,-119.968,950,717,717,2014-07-17,2014-07-17,0,48.12636754300857,-119.94957821414792
48.238,-119.968,951,715,731,2014-07-31,2014-07-15,16,48.277613650800106,-119.95365371418876
48.289,-119.967,952,721,721,2014-07-21,2014-07-21,0,48.25655003789537,-119.97608230156533
48.39,-119.966,953,717,718,2014-07-18,2014-07-17,1,48.40791354083245,-119.94753967492962
48.441,-119.966,954,717,717,2014-07-17,2014-07-17,0,48.43883930289915,-119.94294200984963
48.178,-119.965,955,717,717,2014-07-17,2014-07-17,0,48.213228299529455,-119.96782221887243
48.229,-119.965,956,717,731,2014-07-31,2014-07-17,14,48.28930059072189,-119.94047930133743
48.492,-119.965,957,717,717,2014-07-17,2014-07-17,0,48.50005897213989,-119.89489459713032
48.279,-119.964,958,718,718,2014-07-18,2014-07-18,0,48.25689658895643,-119.9911410310495
48.381,-119.963,959,718,718,2014-07-18,2014-07-18,0,48.310948038229625,-119.92329893399969
48.431,-119.963,960,717,731,2014-07-31,2014-07-17,14,48.4631337676196,-119.94469404826668
48.219,-119.962,961,717,801,2014-08-01,2014-07-17,15,48.240526313685464,-119.91699118002981
48.27,-119.961,962,717,717,2014-07-17,2014-07-17,0,48.273270532898216,-119.96739472193521
48.32,-119.961,963,718,718,2014-07-18,2014-07-18,0,48.36397185879299,-119.91758188366067
48.371,-119.961,964,717,718,2014-07-18,2014-07-17,1,48.37937039743575,-119.96808151574282
48.158,-119.959,965,717,717,2014-07-17,2014-07-17,0,48.15862206648278,-119.90106718073545
48.209,-119.959,966,718,718,2014-07-18,2014-07-18,0,48.185782582200325,-119.96399562493279
48.361,-119.958,967,718,718,2014-07-18,2014-07-18,0,48.39421776538411,-119.96955344844574
48.412,-119.957,968,721,801,2014-08-01,2014-07-21,11,48.38063180038482,-119.96905064923561
48.463,-119.957,969,717,717,2014-07-17,2014-07-17,0,48.47138699929756,-119.94837068993986
48.199,-119.956,970,717,718,2014-07-18,2014-07-17,1,48.22992232074965,-119.9575355387955
48.25,-119.956,971,717,731,2014-07-31,2014-07-17,14,48.210629817925664,-119.9816420069152
48.513,-119.956,972,717,717,2014-07-17,2014-07-17,0,48.53540015018038,-119.98762784307894
47.987,-119.955,973,718,719,2014-07-19,2014-07-18,1,47.99399313971402,-119.93069323775048
48.088,-119.954,974,718,718,2014-07-18,2014-07-18,0,48.106642254217206,-119.93863240885986
48.139,-119.954,975,717,717,2014-07-17,2014-07-17,0,48.11808849124121,-119.96130473829335
48.402,-119.954,976,718,721,2014-07-21,2014-07-18,3,48.42417668131467,-120.00270175729898
48.453,-119.954,977,717,717,2014-07-17,2014-07-17,0,48.36103078772375,-119.98400971824498
48.19,-119.953,978,717,718,2014-07-18,2014-07-17,1,48.17389003673174,-119.98442202097661
48.24,-119.953,979,717,731,2014-07-31,2014-07-17,14,48.198687993695536,-119.96514797636728
47.977,-119.952,980,718,718,2014-07-18,2014-07-18,0,47.97957845462924,-119.98878146459813
48.392,-119.952,981,718,718,2014-07-18,2014-07-18,0,48.44757635435614,-119.97225125030013
48.18,-119.951,982,717,717,2014-07-17,2014-07-17,0,48.123019157977424,-119.91358362254887
47.967,-119.95,983,719,720,2014-07-20,2014-07-19,1,47.958121286122534,-119.98359992734667
48.281,-119.95,984,718,718,2014-07-18,2014-07-18,0,48.23451455643176,-120.02135899649682
48.383,-119.949,985,718,718,2014-07-18,2014-07-18,0,48.417370832305835,-120.00273693791726
48.119,-119.948,986,717,717,2014-07-17,2014-07-17,0,48.0756854607339,-119.94969378619734
48.221,-119.947,988,717,717,2014-07-17,2014-07-17,0,48.21611580012963,-120.00138313072998
48.008,-119.946,989,719,719,2014-07-19,2014-07-19,0,48.0286803961338,-119.92087338684344
48.373,-119.946,990,718,718,2014-07-18,2014-07-18,0,48.39308342976627,-119.93715491800317
48.424,-119.945,991,721,721,2014-07-21,2014-07-21,0,48.35072180222591,-119.96220674394942
48.474,-119.945,992,717,717,2014-07-17,2014-07-17,0,48.48050562959711,-119.98812661374477
48.211,-119.944,993,717,718,2014-07-18,2014-07-17,1,48.188533697965596,-119.95131706046273
48.262,-119.944,994,717,731,2014-07-31,2014-07-17,14,48.23924221817869,-119.97291653881402
47.998,-119.943,995,718,719,2014-07-19,2014-07-18,1,47.9881055368142,-119.90884154518407
48.363,-119.943,996,718,718,2014-07-18,2014-07-18,0,48.36891540502159,-119.95130572873505
48.414,-119.943,997,721,721,2014-07-21,2014-07-21,0,48.457447487599474,-119.84467082239938
48.201,-119.942,998,718,718,2014-07-18,2014-07-18,0,48.19911887691455,-119.89768299718494
47.989,-119.941,999,719,719,2014-07-19,2014-07-19,0,48.05647335619511,-119.8991427681074
48.252,-119.941,1000,717,717,2014-07-17,2014-07-17,0,48.29255367655004,-119.98979861195994
48.404,-119.94,1001,718,721,2014-07-21,2014-07-18,3,48.37374998858547,-119.94981690024932
48.191,-119.939,1002,718,718,2014-07-18,2014-07-18,0,48.07831669351383,-120.06082094705225
48.505,-119.939,1003,717,717,2014-07-17,2014-07-17,0,48.48346566296266,-119.9747475852124
47.979,-119.938,1004,718,719,2014-07-19,2014-07-18,1,47.996621003125426,-120.00917748407305
48.394,-119.937,1005,718,718,2014-07-18,2014-07-18,0,48.43438797577887,-119.93500998650465
48.182,-119.936,1006,717,718,2014-07-18,2014-07-17,1,48.22698995583527,-119.89523905999529
47.969,-119.935,1007,718,719,2014-07-19,2014-07-18,1,47.979335427452945,-119.92481740788688
48.232,-119.935,1008,717,717,2014-07-17,2014-07-17,0,48.194387003808316,-119.91080192717632
48.385,-119.934,1009,718,729,2014-07-29,2014-07-18,11,48.33057419877903,-119.89165207704603
48.172,-119.933,1010,717,718,2014-07-18,2014-07-17,1,48.15380952264542,-119.87812754898127
48.223,-119.933,1011,717,717,2014-07-17,2014-07-17,0,48.17865464219567,-119.92527046155999
48.01,-119.932,1012,719,719,2014-07-19,2014-07-19,0,48.06739267638296,-119.97302627292271
48.375,-119.931,1013,717,718,2014-07-18,2014-07-17,1,48.326480696804516,-119.88425529264208
48.213,-119.93,1014,717,718,2014-07-18,2014-07-17,1,48.18748351616292,-119.90304862105803
48.264,-119.929,1015,718,718,2014-07-18,2014-07-18,0,48.25467089064973,-119.92395069821512
48.365,-119.928,1016,718,718,2014-07-18,2014-07-18,0,48.31442925640184,-119.95652320499985
48.203,-119.927,1017,717,718,2014-07-18,2014-07-17,1,48.10815880621742,-119.98173897202334
48.254,-119.927,1018,717,718,2014-07-18,2014-07-17,1,48.25366898604094,-119.90056556926227
47.991,-119.926,1019,718,719,2014-07-19,2014-07-18,1,47.9522352120587,-119.92453801314547
48.406,-119.925,1020,717,717,2014-07-17,2014-07-17,0,48.43076960432051,-119.95967784167523
48.193,-119.924,1021,717,718,2014-07-18,2014-07-17,1,48.10550471229232,-119.99603696825325
48.244,-119.924,1022,717,718,2014-07-18,2014-07-17,1,48.23630240619406,-119.97138507624858
47.981,-119.923,1023,718,718,2014-07-18,2014-07-18,0,48.01138135509474,-119.89181969163695
48.447,-119.922,1024,717,717,2014-07-17,2014-07-17,0,48.449186715975586,-119.95302094139393
47.971,-119.921,1025,718,718,2014-07-18,2014-07-18,0,47.95754459812069,-119.92788127645838
48.184,-119.921,1026,717,718,2014-07-18,2014-07-17,1,48.178243647941464,-119.84888987846169
48.336,-119.92,1027,718,718,2014-07-18,2014-07-18,0,48.404478563604584,-119.86967759344667
48.174,-119.919,1028,718,718,2014-07-18,2014-07-18,0,48.20133013644528,-119.84700985286362
48.437,-119.919,1029,728,728,2014-07-28,2014-07-28,0,48.37729880014212,-119.91736396688516
48.225,-119.918,1030,717,717,2014-07-17,2014-07-17,0,48.259617604149824,-119.95366660055932
48.488,-119.918,1031,728,728,2014-07-28,2014-07-28,0,48.48756196744166,-119.96851635696781
48.377,-119.917,1032,718,718,2014-07-18,2014-07-18,0,48.37745944025247,-119.85974121295972
48.265,-119.915,1033,718,718,2014-07-18,2014-07-18,0,48.20657528220493,-119.9467860999079
48.316,-119.914,1034,721,721,2014-07-21,2014-07-21,0,48.31180556518143,-119.95405351578326
48.367,-119.914,1035,718,718,2014-07-18,2014-07-18,0,48.414526804526425,-119.87586162254642
48.154,-119.913,1036,717,717,2014-07-17,2014-07-17,0,48.14394965286972,-119.8826984089656
47.992,-119.912,1037,718,718,2014-07-18,2014-07-18,0,47.947228810278574,-119.88195174512424
48.205,-119.912,1038,717,718,2014-07-18,2014-07-17,1,48.28745354940297,-119.97614756340579
48.256,-119.912,1039,717,717,2014-07-17,2014-07-17,0,48.17170721378528,-119.96395452026269
48.357,-119.911,1040,718,718,2014-07-18,2014-07-18,0,48.33204290471134,-119.87668771530782
48.195,-119.91,1041,718,718,2014-07-18,2014-07-18,0,48.110140333810584,-119.89039002727218
48.033,-119.908,1042,718,718,2014-07-18,2014-07-18,0,48.04791200090363,-119.92904684278032
48.135,-119.907,1043,717,717,2014-07-17,2014-07-17,0,48.20792318128527,-119.92413006561539
48.185,-119.907,1044,718,718,2014-07-18,2014-07-18,0,48.17750927111388,-119.88949890710785
48.449,-119.907,1045,717,717,2014-07-17,2014-07-17,0,48.47479388743956,-119.93572244867126
47.973,-119.906,1046,718,718,2014-07-18,2014-07-18,0,48.0266440150802,-119.95540931130986
48.338,-119.905,1047,718,720,2014-07-20,2014-07-18,2,48.377378591414214,-119.9148847392419
48.176,-119.904,1048,718,718,2014-07-18,2014-07-18,0,48.20734941236972,-119.90544745304355
48.439,-119.904,1049,717,717,2014-07-17,2014-07-17,0,48.44691702525574,-119.90044762866772
47.963,-119.903,1050,719,719,2014-07-19,2014-07-19,0,47.95416463068914,-119.85140716917813
48.226,-119.903,1051,717,717,2014-07-17,2014-07-17,0,48.2572757113398,-119.8933715009252
48.277,-119.903,1052,720,720,2014-07-20,2014-07-20,0,48.30681138945981,-119.91997763601974
48.328,-119.902,1053,718,721,2014-07-21,2014-07-18,3,48.2825019138318,-119.93741964750858
48.166,-119.901,1054,718,718,2014-07-18,2014-07-18,0,48.13942865823483,-119.8622653799138
48.217,-119.901,1055,717,717,2014-07-17,2014-07-17,0,48.184522446242035,-119.88977160272007
48.267,-119.9,1057,721,721,2014-07-21,2014-07-21,0,48.30573469419697,-119.945231296796
48.318,-119.9,1058,721,721,2014-07-21,2014-07-21,0,48.254208200715034,-119.87193666629646
48.369,-119.899,1059,718,718,2014-07-18,2014-07-18,0,48.38082270730948,-119.91474456112648
48.156,-119.898,1060,718,718,2014-07-18,2014-07-18,0,48.19291285594648,-119.87495851734889
48.258,-119.897,1061,717,718,2014-07-18,2014-07-17,1,48.26057684122908,-119.84753472242272
48.308,-119.897,1062,721,721,2014-07-21,2014-07-21,0,48.34344756605955,-119.85962149027681
48.359,-119.896,1063,721,721,2014-07-21,2014-07-21,0,48.40241395453716,-119.90043548362416
48.146,-119.895,1064,718,718,2014-07-18,2014-07-18,0,48.26568810666651,-119.89710489517297
48.035,-119.894,1065,718,718,2014-07-18,2014-07-18,0,48.079643346965824,-119.93013581169693
48.248,-119.894,1066,718,721,2014-07-21,2014-07-18,3,48.25892374715073,-119.89331886624791
48.349,-119.893,1067,718,718,2014-07-18,2014-07-18,0,48.3430769440414,-119.83749038423082
48.187,-119.892,1068,717,717,2014-07-17,2014-07-17,0,48.15868971763761,-119.92803070823582
48.238,-119.892,1069,717,718,2014-07-18,2014-07-17,1,48.263978616508396,-119.87451962793962
48.339,-119.891,1070,721,721,2014-07-21,2014-07-21,0,48.343156480634555,-119.90583545619774
48.441,-119.89,1071,728,728,2014-07-28,2014-07-28,0,48.40100484177761,-119.92930108532556
48.066,-119.888,1072,718,718,2014-07-18,2014-07-18,0,48.04996237396038,-119.88985792677536
48.33,-119.888,1073,721,721,2014-07-21,2014-07-21,0,48.413782128804435,-119.90998886618343
48.431,-119.887,1074,717,728,2014-07-28,2014-07-17,11,48.4651041624394,-119.8972327755244
48.057,-119.885,1075,718,718,2014-07-18,2014-07-18,0,48.0839300029221,-119.85069710168152
48.32,-119.885,1076,718,718,2014-07-18,2014-07-18,0,48.32636386800015,-119.88569631899935
48.158,-119.884,1077,717,718,2014-07-18,2014-07-17,1,48.15939705523003,-119.8874900357167
48.259,-119.883,1079,717,717,2014-07-17,2014-07-17,0,48.28957056703024,-119.91755838331983
48.148,-119.881,1080,718,718,2014-07-18,2014-07-18,0,48.13942308272998,-119.85605789978507
48.199,-119.88,1081,717,717,2014-07-17,2014-07-17,0,48.21829340176348,-119.86673212577806
48.25,-119.88,1082,717,717,2014-07-17,2014-07-17,0,48.3318340175652,-119.89565506865216
48.3,-119.879,1083,721,721,2014-07-21,2014-07-21,0,48.312464125617254,-119.79699752902317
48.351,-119.879,1084,721,721,2014-07-21,2014-07-21,0,48.3337263400534,-119.84422054977821
48.139,-119.878,1085,718,718,2014-07-18,2014-07-18,0,48.15515585107825,-119.940855483309
48.24,-119.877,1086,718,718,2014-07-18,2014-07-18,0,48.242622315554215,-119.89472861359947
48.129,-119.875,1087,718,718,2014-07-18,2014-07-18,0,48.07092167385728,-119.8465793053409
48.443,-119.875,1088,717,717,2014-07-17,2014-07-17,0,48.42141153329022,-119.88587110232221
48.23,-119.874,1089,718,718,2014-07-18,2014-07-18,0,48.26225888183343,-119.9265461024595
48.332,-119.873,1090,721,721,2014-07-21,2014-07-21,0,48.34256690391545,-119.86041792331056
48.22,-119.871,1091,717,718,2014-07-18,2014-07-17,1,48.17716620570715,-119.8930031401546
48.322,-119.87,1092,718,721,2014-07-21,2014-07-18,3,48.2759434008058,-119.90586572669011
48.211,-119.869,1093,717,717,2014-07-17,2014-07-17,0,48.163371819373296,-119.90535930963307
48.423,-119.869,1094,720,720,2014-07-20,2014-07-20,0,48.45995835276738,-119.94655540701723
48.261,-119.868,1095,720,720,2014-07-20,2014-07-20,0,48.19495378651155,-119.83383220909516
48.312,-119.867,1096,718,721,2014-07-21,2014-07-18,3,48.31012494575534,-119.85958346230724
48.15,-119.866,1097,719,719,2014-07-19,2014-07-19,0,48.16253506594473,-119.90471617737042
48.252,-119.865,1098,718,720,2014-07-20,2014-07-18,2,48.239063530698424,-119.85133560006132
48.302,-119.865,1099,721,721,2014-07-21,2014-07-21,0,48.30310868765763,-119.87405878568012
48.353,-119.864,1100,721,721,2014-07-21,2014-07-21,0,48.330014509070296,-119.90620883194902
48.191,-119.863,1101,717,717,2014-07-17,2014-07-17,0,48.22085551550065,-119.87835141970025
48.242,-119.862,1102,717,718,2014-07-18,2014-07-17,1,48.244169688633,-119.89214174557273
48.343,-119.861,1103,721,721,2014-07-21,2014-07-21,0,48.31147512982286,-119.92366004958015
48.232,-119.86,1104,717,721,2014-07-21,2014-07-17,4,48.247302401465625,-119.81837847209316
48.333,-119.858,1105,720,721,2014-07-21,2014-07-20,1,48.35217325229858,-119.83179175195265
48.222,-119.857,1106,718,718,2014-07-18,2014-07-18,0,48.2272995176161,-119.83885415159891
48.324,-119.856,1107,721,721,2014-07-21,2014-07-21,0,48.332253038653235,-119.85058966873156
48.162,-119.855,1108,718,718,2014-07-18,2014-07-18,0,48.10841201356431,-119.80969366912814
48.213,-119.854,1109,718,718,2014-07-18,2014-07-18,0,48.16384494434134,-119.84426245879592
48.263,-119.853,1110,718,718,2014-07-18,2014-07-18,0,48.29729708001022,-119.88523824361867
48.314,-119.853,1111,718,721,2014-07-21,2014-07-18,3,48.35532322820671,-119.84453324043601
48.203,-119.851,1112,717,718,2014-07-18,2014-07-17,1,48.206299348306665,-119.8540126547849
48.304,-119.85,1113,718,721,2014-07-21,2014-07-18,3,48.310711784665884,-119.84103566594142
48.355,-119.849,1114,721,721,2014-07-21,2014-07-21,0,48.31344142268516,-119.8648643691984
48.244,-119.848,1115,718,721,2014-07-21,2014-07-18,3,48.24930283333278,-119.83088468088097
48.294,-119.847,1116,721,721,2014-07-21,2014-07-21,0,48.25620852573847,-119.79546714594746
48.234,-119.845,1117,718,721,2014-07-21,2014-07-18,3,48.254414488932774,-119.92248747709472
48.335,-119.844,1118,721,721,2014-07-21,2014-07-21,0,48.30580669186407,-119.84414486421014
48.173,-119.843,1119,718,718,2014-07-18,2014-07-18,0,48.17054219596219,-119.76328775876448
48.224,-119.842,1120,718,718,2014-07-18,2014-07-18,0,48.24574631250913,-119.94757755360573
48.326,-119.841,1121,718,721,2014-07-21,2014-07-18,3,48.29433065863866,-119.8546647618656
48.164,-119.84,1122,718,718,2014-07-18,2014-07-18,0,48.24740149330674,-119.8784161152322
48.214,-119.839,1123,717,718,2014-07-18,2014-07-17,1,48.27677372629739,-119.84292096881917
48.316,-119.838,1124,718,721,2014-07-21,2014-07-18,3,48.290752368744776,-119.83890746035091
48.154,-119.837,1125,718,718,2014-07-18,2014-07-18,0,48.147380551224614,-119.84226505402884
48.205,-119.837,1126,718,718,2014-07-18,2014-07-18,0,48.249020785559786,-119.78897755707371
48.306,-119.835,1127,718,721,2014-07-21,2014-07-18,3,48.33074732752932,-119.87201911276969
48.357,-119.835,1128,721,721,2014-07-21,2014-07-21,0,48.28428728730064,-119.95406691230906
48.144,-119.834,1129,718,718,2014-07-18,2014-07-18,0,48.17650934889332,-119.9048295568831
48.296,-119.833,1130,718,718,2014-07-18,2014-07-18,0,48.22824166721132,-119.88073033692402
48.185,-119.831,1131,718,718,2014-07-18,2014-07-18,0,48.110587001031256,-119.86033404702593
48.337,-119.829,1132,720,721,2014-07-21,2014-07-20,1,48.31550218512259,-119.80021137134773
48.226,-119.828,1133,718,720,2014-07-20,2014-07-18,2,48.24158262495409,-119.82894956127619
48.327,-119.826,1134,718,721,2014-07-21,2014-07-18,3,48.32417727460437,-119.83463826924819
48.166,-119.825,1135,718,718,2014-07-18,2014-07-18,0,48.21740662913361,-119.74342246962418
48.318,-119.824,1136,721,721,2014-07-21,2014-07-21,0,48.348908021985814,-119.86933930442538
48.156,-119.823,1137,718,718,2014-07-18,2014-07-18,0,48.17527471660747,-119.77843299115945
48.207,-119.822,1138,718,718,2014-07-18,2014-07-18,0,48.207536479541645,-119.81276091567575
48.308,-119.821,1139,718,721,2014-07-21,2014-07-18,3,48.278577341964464,-119.8351250610067
48.146,-119.82,1140,718,718,2014-07-18,2014-07-18,0,48.19970497980877,-119.75849632446021
48.298,-119.818,1141,718,718,2014-07-18,2014-07-18,0,48.23532906969166,-119.78997568361801
48.136,-119.817,1142,718,719,2014-07-19,2014-07-18,1,48.202129783504915,-119.8068126857785
48.349,-119.817,1143,721,721,2014-07-21,2014-07-21,0,48.35325283736089,-119.8296145244694
48.339,-119.815,1144,721,721,2014-07-21,2014-07-21,0,48.374805958463554,-119.81691134603463
48.127,-119.814,1145,718,718,2014-07-18,2014-07-18,0,48.11188572821111,-119.82347075379838
48.329,-119.812,1146,718,721,2014-07-21,2014-07-18,3,48.305454970194994,-119.76719434847965
48.117,-119.811,1147,718,718,2014-07-18,2014-07-18,0,48.14271941900165,-119.77627524937577
48.167,-119.811,1148,718,718,2014-07-18,2014-07-18,0,48.12069805524489,-119.82292261732073
48.32,-119.809,1149,721,721,2014-07-21,2014-07-21,0,48.296865403874605,-119.82215973152687
48.158,-119.808,1150,718,718,2014-07-18,2014-07-18,0,48.10800746845189,-119.7744866935335
48.208,-119.807,1151,718,718,2014-07-18,2014-07-18,0,48.266134956401515,-119.85354398045283
48.259,-119.807,1152,718,718,2014-07-18,2014-07-18,0,48.18507955501806,-119.83836787782434
48.31,-119.806,1153,721,721,2014-07-21,2014-07-21,0,48.28662616153688,-119.76877562445897
48.3,-119.803,1154,718,721,2014-07-21,2014-07-18,3,48.283872599729364,-119.80678229735406
48.351,-119.803,1155,721,721,2014-07-21,2014-07-21,0,48.343828056233065,-119.79903765039616
48.29,-119.801,1156,718,718,2014-07-18,2014-07-18,0,48.27034184095502,-119.77938275216842
48.128,-119.8,1157,718,718,2014-07-18,2014-07-18,0,48.07868841332027,-119.78891348406958
48.341,-119.8,1158,721,721,2014-07-21,2014-07-21,0,48.305672167190075,-119.7994955915774
48.179,-119.799,1159,718,718,2014-07-18,2014-07-18,0,48.2464794328408,-119.79259730359223
48.23,-119.798,1160,718,718,2014-07-18,2014-07-18,0,48.23909838142899,-119.81064120569181
48.119,-119.797,1161,718,718,2014-07-18,2014-07-18,0,48.0631921737636,-119.82902052758571
48.331,-119.797,1162,721,721,2014-07-21,2014-07-21,0,48.316497270343824,-119.80450655013763
48.169,-119.796,1163,718,718,2014-07-18,2014-07-18,0,48.09014052696052,-119.83552346790738
48.321,-119.794,1164,718,721,2014-07-21,2014-07-18,3,48.291610730365605,-119.73651080016653
48.15,-119.791,1165,719,719,2014-07-19,2014-07-19,0,48.1825498424095,-119.79661580592746
48.312,-119.791,1166,718,718,2014-07-18,2014-07-18,0,48.29380664594894,-119.72848046489712
48.302,-119.789,1167,718,718,2014-07-18,2014-07-18,0,48.30599317350877,-119.81435529609891
48.353,-119.788,1168,721,721,2014-07-21,2014-07-21,0,48.39942409976181,-119.82328741678566
48.343,-119.785,1169,721,721,2014-07-21,2014-07-21,0,48.407239325681935,-119.79574248510639
48.181,-119.784,1170,718,718,2014-07-18,2014-07-18,0,48.09176061417433,-119.75116122169658
48.333,-119.782,1171,721,721,2014-07-21,2014-07-21,0,48.33224533757498,-119.76311451068275
48.273,-119.78,1172,718,718,2014-07-18,2014-07-18,0,48.35764270749436,-119.75320308629063
48.323,-119.78,1173,718,721,2014-07-21,2014-07-18,3,48.302098894358544,-119.71017441196443
48.161,-119.779,1174,718,718,2014-07-18,2014-07-18,0,48.12468799329953,-119.71177003758004
48.101,-119.777,1175,718,718,2014-07-18,2014-07-18,0,48.16749248395715,-119.66458190910998
48.314,-119.777,1176,718,718,2014-07-18,2014-07-18,0,48.373016785431275,-119.80471655945502
48.364,-119.776,1177,721,721,2014-07-21,2014-07-21,0,48.34118454937643,-119.82938118911534
48.304,-119.774,1178,718,718,2014-07-18,2014-07-18,0,48.29785362675586,-119.80071962107435
48.142,-119.773,1179,718,718,2014-07-18,2014-07-18,0,48.17934368847487,-119.73017605385569
48.294,-119.771,1180,718,718,2014-07-18,2014-07-18,0,48.2775501073821,-119.7662165194776
48.345,-119.771,1181,720,721,2014-07-21,2014-07-20,1,48.35220100050382,-119.78783075155778
48.335,-119.768,1182,719,719,2014-07-19,2014-07-19,0,48.39789687017727,-119.76668282963657
48.315,-119.762,1183,718,718,2014-07-18,2014-07-18,0,48.279975501773755,-119.7696869585477
48.306,-119.759,1184,718,718,2014-07-18,2014-07-18,0,48.3641904547689,-119.78345014444584
48.296,-119.757,1185,718,718,2014-07-18,2014-07-18,0,48.32132062622134,-119.84153464539507
48.286,-119.754,1186,718,718,2014-07-18,2014-07-18,0,48.28596246711682,-119.78400383067947
48.124,-119.753,1187,718,718,2014-07-18,2014-07-18,0,48.06048494591384,-119.72390399334462
48.337,-119.753,1188,721,721,2014-07-21,2014-07-21,0,48.29884056890917,-119.74907956516753
48.276,-119.751,1189,718,718,2014-07-18,2014-07-18,0,48.268903492570516,-119.69556791242263
48.327,-119.75,1190,720,720,2014-07-20,2014-07-20,0,48.310519886934166,-119.73569438798586
48.317,-119.748,1191,718,718,2014-07-18,2014-07-18,0,48.344929482452656,-119.72908761804311
48.155,-119.747,1192,718,718,2014-07-18,2014-07-18,0,48.17772206764863,-119.72643779440375
48.308,-119.745,1193,718,718,2014-07-18,2014-07-18,0,48.331786078932424,-119.78143803636374
48.298,-119.742,1194,718,718,2014-07-18,2014-07-18,0,48.287356726519825,-119.7684304672645
48.288,-119.739,1195,718,718,2014-07-18,2014-07-18,0,48.31656378910471,-119.76364625739171
48.177,-119.738,1196,718,718,2014-07-18,2014-07-18,0,48.21737397892184,-119.76545012286175
48.278,-119.736,1197,718,718,2014-07-18,2014-07-18,0,48.303372559890065,-119.75804677752753
48.268,-119.734,1198,719,719,2014-07-19,2014-07-19,0,48.248519279803176,-119.73636016715552
48.309,-119.73,1199,718,720,2014-07-20,2014-07-18,2,48.32582295676307,-119.7472252264928
48.3,-119.727,1200,718,718,2014-07-18,2014-07-18,0,48.33715745131174,-119.71345821501313
48.239,-119.725,1201,718,718,2014-07-18,2014-07-18,0,48.222541465169684,-119.78213317298867
48.29,-119.725,1202,718,718,2014-07-18,2014-07-18,0,48.3293277311054,-119.76647573772382
48.28,-119.722,1204,718,718,2014-07-18,2014-07-18,0,48.16661465342647,-119.67961448935755
48.2,-119.714,1205,718,718,2014-07-18,2014-07-18,0,48.20779357034899,-119.73239791838027
48.352,-119.712,1206,720,720,2014-07-20,2014-07-20,0,48.37920721465044,-119.6763809788442
48.292,-119.71,1207,718,719,2014-07-19,2014-07-18,1,48.291482297518044,-119.74280917711852
48.282,-119.707,1208,718,718,2014-07-18,2014-07-18,0,48.3155658663723,-119.69347900963854
48.171,-119.706,1209,718,718,2014-07-18,2014-07-18,0,48.16835139107076,-119.63845349018735
48.333,-119.706,1210,720,721,2014-07-21,2014-07-20,1,48.36174830289606,-119.72016128259268
48.272,-119.704,1211,720,720,2014-07-20,2014-07-20,0,48.25319572107856,-119.70660232513363
48.141,-119.697,1212,718,718,2014-07-18,2014-07-18,0,48.170164609965376,-119.668861331532
48.194,-119.682,1213,718,718,2014-07-18,2014-07-18,0,48.17271899936319,-119.67972266416858
