Lat,Lon,date,startDate,endDate,nDays,id
48.25518793972891,-120.07627537867047,714,714,717,3,1
48.21153323957819,-120.05690713986802,714,714,714,0,2
48.26472603190701,-120.11946869056496,714,714,714,0,3
48.151436944491955,-119.94470305418308,715,715,717,2,4
48.25193332204009,-120.12041151666746,715,715,721,6,5
48.21258361443877,-120.13106805865011,715,715,715,0,6
48.13654767339914,-120.15961608928518,715,715,717,2,7
48.18542941584006,-120.05746834335729,715,715,717,2,8
48.20230566316553,-120.07821733673713,715,715,715,0,9
48.46439247143627,-120.12526687636272,715,715,717,2,10
48.257934297211314,-120.0639318983428,715,715,717,2,11
48.21208998420184,-120.12291892582392,715,715,718,3,12
48.313667303558695,-120.06161006523436,715,715,716,1,13
48.201026329069016,-120.09916938283143,715,715,715,0,14
48.20553512688841,-120.13013509376847,716,716,718,2,15
48.17530952393441,-120.1930268253365,716,715,717,2,16
48.151873986466725,-120.02045629789082,716,716,717,1,17
48.203257094339634,-119.96768249317948,716,716,718,2,18
48.227267015119374,-120.0054252272328,716,716,719,3,19
48.38463799692487,-120.10232025671516,716,716,718,2,20
48.16133809151197,-120.13525457046144,716,716,721,5,21
48.172620634662486,-120.10718000450125,716,716,716,0,22
48.118811799267746,-120.05566753619824,716,716,717,1,23
48.181570424420094,-120.13911730119658,716,716,718,2,24
48.16089125018679,-120.07756994067688,716,716,717,1,25
48.241054298504,-120.10288456199903,716,716,717,1,26
48.22179909015257,-120.156252559749,716,716,717,1,27
48.10338697252768,-120.13255792409538,716,716,716,0,28
48.225633848080655,-120.0494493904618,716,716,731,15,29
48.22066597143135,-119.97550246118462,716,716,718,2,30
48.21672053377935,-120.21157472398473,716,716,721,5,31
48.17539282575148,-120.09056948425696,716,716,717,1,32
48.25394187894853,-120.12904421770816,716,715,716,1,33
48.44724855671872,-120.08893218277058,716,716,805,20,34
48.16591752956917,-119.99311602587778,716,716,716,0,35
48.19347625208808,-120.0308271861334,716,716,716,0,36
48.1836346156047,-120.03073509170386,716,716,717,1,37
48.411169535096604,-120.06167245107892,716,716,716,0,38
48.476629582033475,-120.07182412529608,716,716,717,1,39
48.43412475775812,-120.1030051678234,716,716,716,0,40
48.47699592878248,-120.00796580105062,716,716,717,1,41
48.23139336461946,-120.12961783745564,716,716,717,1,42
48.26896320202261,-120.08421624555476,716,716,718,2,43
48.13089155281883,-120.11859390734264,716,716,717,1,44
48.13386958081498,-120.13661903432836,716,716,717,1,45
48.221816094347226,-120.11992323751488,716,715,717,2,46
48.19424645576424,-120.12003621025676,716,716,717,1,47
48.230252271709944,-120.016189368984,716,716,719,3,48
48.18432757538542,-120.14143444494418,716,716,717,1,49
48.22081748902118,-119.98986281297674,716,716,721,5,50
48.251135581181686,-120.0868743115655,716,716,718,2,51
48.22906081687405,-120.16467143457976,716,715,721,6,52
48.201170700902665,-120.0785542776395,716,716,716,0,53
48.252519417798794,-120.13060069988582,716,716,721,5,54
48.237266146136285,-120.11667102595402,716,716,718,2,55
48.14594181244458,-120.15244871804664,716,716,717,1,56
48.29036613308005,-120.09199246376843,716,716,717,1,57
48.45394923873109,-120.06976205565708,716,716,718,2,58
48.46310097522201,-120.09175313576108,716,716,718,2,59
48.512692888489156,-120.09687909896164,716,716,718,2,60
48.174672615944104,-120.0363591875878,717,716,717,1,61
48.24162527303071,-119.93092705629704,717,717,718,1,62
48.08903953193685,-119.9443528757774,717,717,717,0,63
48.13927476619213,-120.00722553833413,717,717,717,0,64
48.17979197386618,-120.03107161679392,717,717,717,0,65
48.18128091369104,-119.92232182431896,717,717,717,0,66
48.36750421605674,-120.04183941428433,717,717,721,4,67
48.4127017536868,-120.06447202192192,717,716,717,1,68
48.18098907218161,-119.97472258226432,717,717,718,1,69
48.180802815958224,-120.11239220345288,717,716,717,1,70
48.08918851687516,-119.9377406819763,717,717,717,0,71
48.24399492962006,-119.98785258921882,717,717,717,0,72
48.11439670349125,-119.95389541849612,717,717,717,0,73
48.18523264382426,-119.93636034837344,717,717,717,0,74
48.16287595769079,-120.1751670145058,717,716,721,5,75
48.178980019487845,-119.9813570869166,717,717,717,0,76
48.11883256197781,-120.06472277480484,717,717,717,0,77
48.18446948896466,-120.00477071830385,717,716,717,1,78
48.21766168583958,-119.96903480795736,717,717,717,0,79
48.12122095958336,-120.14134585715352,717,715,717,2,80
48.20264554884058,-119.8840390027533,717,717,718,1,81
48.18034007014497,-120.06006977563229,717,717,717,0,82
48.1615511936323,-120.08358843282824,717,716,717,1,83
48.23440456294284,-120.1866823753456,717,717,718,1,84
48.22959250303808,-119.9894095877635,717,717,718,1,85
48.19888315277085,-120.167888883104,717,716,717,1,86
48.23421174031784,-120.122531064012,717,715,721,6,87
48.447668713664065,-119.99566185132724,717,717,731,14,88
48.46140343027436,-119.98840444686164,717,717,717,0,89
48.44152362514543,-120.07204813852545,717,717,717,0,90
48.38552824900408,-120.07317764174914,717,717,717,0,91
48.238330302857555,-119.92374768738236,717,717,717,0,92
48.189446134701726,-120.07109292312616,717,717,717,0,93
48.094232674545765,-120.00675291251702,717,717,717,0,94
48.124610821042054,-120.0921601084622,717,716,717,1,95
48.14822805796722,-119.9250148736206,717,717,717,0,96
48.13524491216766,-120.20105574579172,717,717,717,0,97
48.20070086798942,-120.01624420083184,717,717,717,0,98
48.16277953181671,-120.02938154567724,717,715,717,2,99
48.17904393145368,-120.08059022317106,717,716,717,1,100
48.17867836856843,-119.96359621592124,717,717,717,0,101
48.193097427423226,-119.93315035043952,717,717,717,0,102
48.19118115349472,-120.04469072513476,717,717,719,2,103
48.173260233532694,-120.12355721512644,717,717,717,0,104
48.20459220328636,-120.12286819719994,717,716,717,1,105
48.22514987551981,-120.07903399592291,717,715,717,2,106
48.14167465928754,-120.11867679708196,717,717,717,0,107
48.231824546319785,-119.95388222928716,717,717,717,0,108
48.21423147329988,-120.08507485087284,717,716,717,1,109
48.209827940196675,-120.15887937183908,717,717,717,0,110
48.14206061477364,-119.99206021442396,717,716,717,1,111
48.199012723413546,-120.05268816350204,717,716,718,2,112
48.1593042610432,-120.0161479489622,717,717,717,0,113
48.15387142942121,-120.01982008883826,717,717,731,14,114
48.218760217508226,-120.166742476,717,714,717,3,115
48.11702798489755,-119.95490111915402,717,717,718,1,116
48.20579539209047,-120.03108631525927,717,717,717,0,117
48.17087923502338,-120.12996066509696,717,717,718,1,118
48.23661453149046,-119.94070053796013,717,717,717,0,119
48.19910896902125,-120.10107347791788,717,717,717,0,120
48.12087488560656,-120.04654808099971,717,717,731,14,121
48.15187381479245,-120.09966838275984,717,717,731,14,122
48.201319596903986,-119.97615693100656,717,716,719,3,123
48.19805922766014,-119.96805216224595,717,716,718,2,124
48.26674628552456,-120.173898764846,717,716,717,1,125
48.26645485802282,-119.8765915937751,717,716,721,5,126
48.19002450914012,-120.05278369331424,717,716,718,2,127
48.25197110671152,-120.21879245510036,717,715,721,6,128
48.26054301649494,-119.91131726203106,717,717,717,0,129
48.24975148352034,-120.05127673386636,717,717,731,14,130
48.26374758379736,-120.02371718243356,717,717,731,14,131
48.23397906462162,-120.1875729666771,717,716,721,5,132
48.20450871894898,-120.1490355624788,717,716,718,2,133
48.17735130528923,-120.13159454462628,717,717,731,14,134
48.19348104043239,-120.1078270318003,717,716,717,1,135
48.24185402558867,-120.13534787781808,717,717,717,0,136
48.23616328748886,-120.1531983936582,717,716,717,1,137
48.19229289086501,-120.16431537721864,717,717,717,0,138
48.19643646093665,-120.23254087354027,717,717,722,5,139
48.440901006867705,-119.99714604588765,717,717,721,4,140
48.31012034832472,-120.0210966270253,717,717,731,14,141
48.38418714880093,-120.0431179675959,717,717,731,14,142
48.44433707513321,-120.05156154092867,717,717,721,4,143
48.41715317172698,-120.1359753028103,717,717,717,0,144
48.44609225751352,-119.99990790886145,717,717,717,0,145
48.46740497024365,-120.00554821921408,717,717,731,14,146
48.41208465062806,-119.939159790879,717,717,721,4,147
48.41382269239606,-119.98922180047086,717,717,718,1,148
48.44158146766425,-119.9093746122287,717,717,717,0,149
48.465245263373866,-120.01785063886165,717,716,717,1,150
48.40785746811134,-119.96828568652808,717,717,721,4,151
48.5422468954792,-120.0430898133516,717,717,731,14,152
48.48055131323933,-120.04571384410896,717,717,717,0,153
48.49138445530082,-120.05072205505192,717,717,717,0,154
48.4059926093116,-120.10391345738915,717,717,718,1,155
48.50189415190064,-120.0702209301431,717,717,718,1,156
48.53392839343434,-120.10885007827292,717,717,717,0,157
48.470006220635696,-119.99419941181182,717,717,718,1,158
48.505009994292095,-120.1084489869474,717,715,717,2,159
48.444410958288515,-120.10588278627,717,717,718,1,160
48.454605879637406,-120.01958643041142,717,717,717,0,161
48.45664069881819,-120.12162480348182,717,717,718,1,162
48.426821885952506,-120.03994156345384,717,716,718,2,163
48.45706018273357,-120.10466399571987,717,717,718,1,164
48.48518496764518,-120.07526736698924,717,717,730,13,165
48.45797522115212,-120.1556762054306,717,716,718,2,166
48.41985447589414,-120.14734029670537,717,716,718,2,167
48.53122425129391,-120.03708830155855,717,716,718,2,168
48.48823980118234,-119.93814487754187,717,717,808,22,169
48.5415646831676,-120.10966286997838,717,717,730,13,170
48.19074952968594,-119.96507038268886,717,717,720,3,171
48.22828429716312,-119.91020450554412,717,717,718,1,172
48.18629283310419,-119.9417293351432,717,717,718,1,173
48.16854136387581,-119.97060746754792,717,717,717,0,174
48.274260633231286,-120.00829244221543,717,717,721,4,175
48.29527923522496,-120.01076507250892,717,717,802,16,176
48.22394620389375,-120.01616105132612,717,717,721,4,177
48.27057363648423,-119.9924538916752,717,717,721,4,178
48.26497468417008,-119.94682413948792,717,717,731,14,179
48.203588468549135,-120.06241186805823,717,717,717,0,180
48.33495517545388,-120.04121584512204,717,717,717,0,181
48.24135085478847,-120.00299293434308,717,717,807,21,182
48.234183161767966,-120.05928977795784,717,717,721,4,183
48.30456295827548,-120.03494570618098,717,717,720,3,184
48.2771130637827,-120.07790818456292,717,717,728,11,185
48.276331849036765,-120.05273959724884,717,717,718,1,186
48.167355253565646,-119.90248899026896,717,717,718,1,187
48.074256318912944,-119.9661149340745,717,717,717,0,188
48.09716045110732,-119.96731308394486,717,717,718,1,189
48.199159009561065,-120.0624888499631,717,717,719,2,190
48.11462992023159,-119.88791130834262,717,717,718,1,191
48.12189760266192,-119.90297454374893,717,717,720,3,192
48.20435268738728,-119.96365763107158,717,717,717,0,193
48.21359255635005,-120.0078802657048,717,717,717,0,194
48.22213688645703,-119.94779246495916,717,717,731,14,195
48.22047093536412,-120.03612846745686,717,717,718,1,196
48.19981485417636,-119.95099284632911,717,717,718,1,197
48.23690493591585,-119.96103743432496,717,717,718,1,198
48.175926317996066,-119.93631994482465,717,717,801,15,199
48.267282934548255,-120.04755996450268,717,717,731,14,200
48.226315824335096,-120.11183780776592,717,717,717,0,201
48.243201845952086,-119.99878610287156,717,717,730,13,202
48.21044782127916,-120.14631828358648,717,717,718,1,203
48.231145966712646,-120.18444136326956,717,716,718,2,204
48.23804978768384,-120.10622607990368,717,715,717,2,205
48.17717807993244,-120.02338214443806,717,717,721,4,206
48.17771945497896,-120.1243338433193,717,717,717,0,207
48.26627775937115,-120.00810277038566,717,717,720,3,208
48.247508499843086,-120.0257223430078,717,717,731,14,209
48.31551659492422,-119.89667211584428,717,717,731,14,210
48.39635297784102,-120.04719796678228,717,717,718,1,211
48.433617223230186,-120.00443529233348,717,717,721,4,212
48.40359012902087,-119.97554982561066,717,717,721,4,213
48.410193295627536,-119.96863031070384,717,717,717,0,214
48.41380218848956,-120.0880766064321,717,717,718,1,215
48.39216283476918,-120.13612929238622,717,716,717,1,216
48.50939582274302,-119.99715144549891,717,717,718,1,217
48.4714284918534,-120.04436473704502,717,717,718,1,218
48.433128286781574,-120.04779777605488,717,717,717,0,219
48.39169973475473,-120.04260334680778,717,717,718,1,220
48.44324373967255,-119.95356647497574,717,717,730,13,221
48.486548083752815,-120.0736143631076,717,717,731,14,222
48.502772759848384,-120.02485585915282,717,717,808,22,223
48.15878886797046,-120.10079482117536,717,717,717,0,224
48.12479564495932,-120.0738332545241,717,717,717,0,225
48.13443914496321,-120.0625125525015,717,717,717,0,226
48.13961027326207,-119.9522775657845,717,717,717,0,227
48.15562149415139,-119.98020893893045,717,717,717,0,228
48.15265707938927,-120.05481043861808,717,717,717,0,229
48.17031116902067,-120.0678938786426,717,717,717,0,230
48.07474134298001,-120.09964070329283,717,717,717,0,231
48.272064894458616,-120.08346600168863,717,717,717,0,232
48.188650365983186,-120.13513026768833,717,717,721,4,233
48.36823874228119,-120.041550451475,717,717,717,0,234
48.37131067261508,-119.9651314602693,717,717,718,1,235
48.387674326265966,-120.07844415245692,717,717,717,0,236
48.368182079233094,-119.9379487715612,717,717,718,1,237
48.369892378192795,-119.87864848641716,717,717,721,4,238
48.38242297216707,-119.8904358049031,717,717,718,1,239
48.42183144240597,-119.98678602417704,717,717,717,0,240
48.3848752259694,-119.99232299521094,717,717,727,10,241
48.4189438073613,-120.0984823605182,717,717,718,1,242
48.426419879522534,-119.98118621899144,717,717,721,4,243
48.39992561571264,-120.05695394220945,717,717,717,0,244
48.43394141752748,-120.10460403432174,717,717,718,1,245
48.175027677605335,-119.91211590773575,717,717,717,0,246
48.16983214006298,-119.8737275152451,717,717,718,1,247
48.24227117491697,-120.21301574707827,717,717,721,4,248
48.01853307828705,-119.96947408131314,718,718,721,3,249
48.02887197810755,-119.86145803433082,718,718,718,0,250
48.088488132242375,-119.82409594725522,718,718,718,0,251
48.14712044269166,-120.01259341862492,718,718,719,1,252
48.06046793013312,-119.89482972584544,718,718,718,0,253
48.10192708226156,-120.12977000974622,718,718,718,0,254
48.02448976593977,-119.98807878164476,718,718,718,0,255
48.094061792221694,-120.00673949951955,718,718,718,0,256
48.16089827574983,-120.03239181044178,718,718,718,0,257
48.07949477816151,-120.00578174471894,718,718,718,0,258
48.13655274950152,-119.7698170176733,718,718,718,0,259
48.08829051108827,-120.16616530524406,718,718,718,0,260
48.105555429249634,-119.8943430324406,718,718,718,0,261
48.22136253846075,-119.8272305291267,718,718,719,1,262
48.17490093592483,-120.10004179543084,718,718,718,0,263
48.15256076108736,-120.013019286785,718,718,718,0,264
48.17520231016326,-120.05827535147972,718,718,718,0,265
48.1577708047603,-119.79054654230768,718,718,718,0,266
48.1462974532457,-119.9073815275796,718,717,718,1,267
48.05928447951498,-119.85361563872186,718,718,718,0,268
48.20688958057556,-119.77273159599817,718,718,718,0,269
48.20518596926688,-119.78909430271958,718,718,718,0,270
48.0799402665782,-119.94354205912724,718,717,718,1,271
48.211068038378855,-119.98825347913308,718,717,718,1,272
48.237610878648205,-120.180232539061,718,716,718,2,273
48.24474437523491,-119.87177399784872,718,718,720,2,274
48.2028735736625,-119.78664862045356,718,718,718,0,275
48.25857908780532,-119.78518066193304,718,718,718,0,276
48.30026690995088,-119.81164276438734,718,718,718,0,277
48.23790576178906,-119.7303310009332,718,718,718,0,278
48.33150460141771,-119.82167448252603,718,718,718,0,279
48.33386191197015,-119.85574795810234,718,718,721,3,280
48.25764187277548,-119.9600096726491,718,718,718,0,281
48.33502063845335,-119.890899668108,718,718,718,0,282
48.299815547546224,-119.95312643304402,718,718,718,0,283
48.37338444941179,-119.88011968580172,718,718,718,0,284
48.36856471913595,-119.95695665014358,718,718,718,0,285
48.39949778898359,-120.0695165925607,718,717,718,1,286
48.51805778838572,-119.95219043427684,718,718,721,3,287
48.411937325855945,-120.001107804876,718,717,718,1,288
47.96433942779257,-119.8615783800164,718,718,718,0,289
48.23265395050963,-120.09493820889114,718,718,718,0,290
48.16100385141277,-119.86278732558588,718,718,718,0,291
48.08741558970969,-119.7896388237884,718,718,718,0,292
48.242046835669115,-119.73636152900494,718,718,718,0,293
48.19707956836613,-119.77907994470746,718,718,718,0,294
48.21552239871597,-120.17703037369796,718,717,718,1,295
48.18481330548273,-119.78313886798296,718,718,718,0,296
48.17795633365268,-120.18602040210084,718,718,718,0,297
48.36466849013844,-120.03647250164892,718,718,718,0,298
48.41366164126835,-119.83108164247432,718,718,718,0,299
48.29040862782706,-119.81680071601004,718,718,721,3,300
48.34001941360379,-119.79183483506073,718,718,721,3,301
48.34782177316025,-120.03511114560196,718,718,718,0,302
48.295813014441016,-119.98567869711572,718,718,718,0,303
48.36554197746496,-119.91206734029107,718,718,718,0,304
48.40251362131982,-120.00500326699914,718,717,718,1,305
48.411076707389945,-119.875945209664,718,717,718,1,306
48.38216931502939,-119.94798559725068,718,718,729,11,307
48.466270521343475,-119.94981975752592,718,718,801,14,308
48.375877289866665,-120.02362243227957,718,718,802,15,309
48.45427579724081,-120.09509874541654,718,717,718,1,310
48.48178518826577,-120.12880156546424,718,718,718,0,311
48.493108111397234,-120.10073354595356,718,716,718,2,312
48.02001297599275,-120.07084977303302,718,718,721,3,313
48.03981428458053,-120.04808201990689,718,718,721,3,314
48.07747925891647,-120.1568791327118,718,718,721,3,315
48.04120999216159,-120.13526954431214,718,718,721,3,316
48.27330644688318,-119.82119660435735,718,718,720,2,317
48.36369926198202,-119.97232037371876,718,718,718,0,318
48.30258054964569,-119.9919770703457,718,718,718,0,319
48.156419721381035,-120.07290434321956,718,716,718,2,320
48.20055954781617,-120.000574624086,718,716,718,2,321
48.18248237553047,-119.95099308047357,718,717,801,15,322
48.16562450035535,-120.1013097577717,718,717,731,14,323
48.25502759023941,-120.07597449152438,718,717,721,4,324
48.51514187297319,-120.08961810662088,718,718,805,18,325
48.220014370096,-120.05639966103728,718,718,721,3,326
48.10993834997356,-120.15318383675688,718,718,721,3,327
48.2070936536874,-120.18497750979138,718,718,719,1,328
48.384923956952015,-120.12086966423917,718,718,718,0,329
48.48680372751354,-120.0655936709916,718,717,721,4,330
48.44607738712849,-120.10789008659349,718,718,718,0,331
48.488590858737865,-120.0711285976518,718,716,718,2,332
48.46366648900066,-120.11137705355225,718,716,805,20,333
47.993841995984184,-119.95076190178035,718,718,718,0,334
48.02867961161416,-120.0432599044173,718,718,718,0,335
48.00662099455085,-119.99983353835,718,718,718,0,336
47.99904632133049,-119.98494808131524,718,718,719,1,337
48.06470037607105,-120.10843942972868,718,718,718,0,338
48.073211792649104,-120.0177363062082,718,718,719,1,339
48.08836956097027,-120.13213847668308,718,718,721,3,340
48.083979837663875,-120.08665814671852,718,718,721,3,341
48.00219699133282,-120.06685361587232,718,718,718,0,342
48.01489455274547,-120.06918074491892,718,718,721,3,343
48.13602891387049,-120.1121881727326,718,718,718,0,344
48.121119937243066,-120.1134548109842,718,718,721,3,345
48.08454728269445,-119.79362501484472,718,718,718,0,346
48.10505313659669,-120.13542893338791,718,718,721,3,347
48.1282117223211,-119.79342402847796,718,718,718,0,348
48.17262677575744,-119.83656957655634,718,718,718,0,349
48.14500370698133,-119.80051562802632,718,718,718,0,350
48.11900803064642,-120.13541976869072,718,718,718,0,351
48.07336531689937,-119.91588830937783,718,718,718,0,352
48.16705912981844,-119.91774910537043,718,718,718,0,353
48.137375498837905,-119.85697003234932,718,718,718,0,354
48.04807812561139,-119.79685877484408,718,718,718,0,355
48.13230521135348,-119.90026801189822,718,718,718,0,356
48.11591817705289,-119.87758906134604,718,717,718,1,357
48.20016114808304,-119.90290248110064,718,718,718,0,358
48.137104436755365,-119.89270264662292,718,717,718,1,359
48.187237378764905,-119.90848998115996,718,718,718,0,360
48.21409467956128,-120.08447372019678,718,716,718,2,361
48.19137128920786,-119.95330221037214,718,717,718,1,362
48.20702999627807,-120.04154774266526,718,717,718,1,363
48.19129220514027,-120.24125238705878,718,718,730,12,364
48.19087092736507,-119.99103675997542,718,717,731,14,365
48.18615463467894,-120.04476320869163,718,717,731,14,366
48.23898315620799,-119.91486987905049,718,718,718,0,367
48.18946626968506,-120.05148733575314,718,716,731,15,368
48.27973883296037,-119.9939658849346,718,716,719,3,369
48.173117820616575,-120.08567971460664,718,718,718,0,370
48.21129217298399,-120.03514277005904,718,716,718,2,371
48.233428160575514,-120.01527921613514,718,717,731,14,372
48.2224904209908,-120.07424887223983,718,717,731,14,373
48.23073079824877,-120.04915141852246,718,718,731,13,374
48.29521443374235,-120.03690729304029,718,718,718,0,375
48.1690088717594,-120.11154384622692,718,717,718,1,376
48.17833090150656,-120.11208995947344,718,715,718,3,377
48.22314399139817,-120.0662502933921,718,718,718,0,378
48.18811894024393,-120.1271947490874,718,718,718,0,379
48.356149185417294,-120.02655719314592,718,718,721,3,380
48.26260324527796,-120.0255160964032,718,718,807,20,381
48.19736255551889,-120.03836483433578,718,717,728,11,382
48.2680954019281,-119.95731518651289,718,718,727,9,383
48.28554883970268,-119.81324362675656,718,718,718,0,384
48.24899046249291,-120.10680083344155,718,718,721,3,385
48.25956711146832,-119.9926779227926,718,718,718,0,386
48.27867616897853,-119.94656750083284,718,718,803,16,387
48.33077688875188,-120.04111006221883,718,718,718,0,388
48.181826710513285,-120.00886842332636,718,718,718,0,389
48.33788179900297,-120.01424443670405,718,718,804,17,390
48.31194581100125,-119.93479804027294,718,718,718,0,391
48.29223666755098,-119.71375258600104,718,718,718,0,392
48.297206939470946,-119.71037575109592,718,718,718,0,393
48.28545525246781,-120.03760318470914,718,717,718,1,394
48.26674364777205,-119.70929931463203,718,718,718,0,395
48.32457643734918,-119.82488942065972,718,718,718,0,396
48.2098109020293,-120.02593628766805,718,718,718,0,397
48.32573353336487,-119.7883251589388,718,718,718,0,398
48.35027507629721,-119.75774727485074,718,718,718,0,399
48.30402660078518,-119.87361641789192,718,718,718,0,400
48.29904877067085,-119.67190141221651,718,718,718,0,401
48.3760377106899,-119.75366608149882,718,718,718,0,402
48.35206559598504,-119.80050488946844,718,718,721,3,403
48.3331830021785,-120.07965172185692,718,718,718,0,404
48.28109867881032,-119.79207016881156,718,718,718,0,405
48.35709606987338,-119.80220412496118,718,718,718,0,406
48.33891185509115,-119.77787868702332,718,718,718,0,407
48.32980842551874,-119.88032811689664,718,718,721,3,408
48.32871848802584,-119.78326709342726,718,718,718,0,409
48.33014885315026,-119.92393126921252,718,718,721,3,410
48.38037849719312,-119.75810084633017,718,718,718,0,411
48.30100996266265,-119.8216390706432,718,718,721,3,412
48.32969644365866,-119.7908596631876,718,718,718,0,413
48.307515550428576,-119.82074455960364,718,718,721,3,414
48.3328556376881,-119.87642014748862,718,718,718,0,415
48.29457119380368,-119.9466368118151,718,718,720,2,416
48.40459963881097,-119.89634216551104,718,718,718,0,417
48.35022662993339,-120.01706760998177,718,718,718,0,418
48.34747465477593,-120.02365512216907,718,718,718,0,419
48.36428392874998,-119.9483018733779,718,718,729,11,420
48.34975530879231,-120.07242013267138,718,718,719,1,421
48.435878135488664,-119.96235978372394,718,717,718,1,422
48.44445650458316,-119.98373114995508,718,718,718,0,423
48.4354981990988,-119.94836413382494,718,718,721,3,424
48.39895955686664,-120.00166262621192,718,717,731,14,425
48.46416384523737,-120.03024821358228,718,718,801,14,426
48.41091989306947,-120.12517176538265,718,717,718,1,427
48.382460295402815,-120.10642901483126,718,718,718,0,428
48.410171299358666,-120.04822738832056,718,718,718,0,429
48.441434409222865,-120.0226768414066,718,717,718,1,430
48.422700135037374,-120.0855430419703,718,718,731,13,431
48.462617380517635,-120.07361687380948,718,718,731,13,432
48.43524103213733,-120.07463673827644,718,717,718,1,433
48.42183328476678,-120.07042659331232,718,716,718,2,434
48.55166439772264,-120.13672448089716,718,718,718,0,435
48.44948256280478,-120.00219870227548,718,718,731,13,436
48.53488944018604,-120.13015237915867,718,718,801,14,437
48.5417533229613,-120.10233813776756,718,718,801,14,438
48.09669297602843,-119.98398311026382,718,718,719,1,439
48.08607333782669,-119.9840241213522,718,718,719,1,440
48.01751441567666,-120.02291229335682,718,718,718,0,441
48.08487834067771,-120.08264799001876,718,718,719,1,442
48.16425849898773,-120.04867183612735,718,718,718,0,443
48.12912418775677,-119.97472184973032,718,718,718,0,444
47.998360469365544,-120.05462776026836,718,718,718,0,445
48.111808298749736,-119.97206194374294,718,718,718,0,446
48.10252121017371,-120.0127153508764,718,718,718,0,447
48.04826689694881,-120.04227967875372,718,718,718,0,448
48.03570916786713,-120.017362168821,718,718,718,0,449
48.10365283223376,-120.09197153805394,718,718,719,1,450
48.16270909131158,-120.1272947861924,718,718,721,3,451
48.11418480070318,-120.18019881854752,718,718,720,2,452
48.15416962484071,-120.04499155368786,718,718,718,0,453
48.12213951965563,-120.1549472879074,718,718,718,0,454
48.21246626202087,-119.83402112527722,718,718,718,0,455
48.21430905490692,-119.8748435539528,718,718,718,0,456
48.174315546475974,-119.75234122676656,718,718,718,0,457
48.28401298960109,-119.951148673954,718,717,720,3,458
48.11456236198479,-119.8641178697025,718,718,718,0,459
48.173607026448664,-119.91081266336067,718,718,718,0,460
48.222920793153094,-119.99992199608651,718,717,718,1,461
48.19203854969466,-119.96683273946824,718,717,718,1,462
48.19645337470617,-119.93449637169682,718,717,718,1,463
48.2309378944291,-120.09478442302164,718,718,718,0,464
48.2058369662432,-119.97311297618604,718,717,721,4,465
48.31316930316939,-120.0674138528232,718,716,719,3,466
48.20925818974669,-120.05228827839832,718,718,721,3,467
48.24124456693139,-120.068781814311,718,718,718,0,468
48.24018150952516,-119.9935860527578,718,718,718,0,469
48.24256546520063,-119.74836941295136,718,718,720,2,470
48.319717211719805,-120.01319370642882,718,718,718,0,471
48.36625114413402,-119.7499065270475,718,718,718,0,472
48.3429134913634,-119.78948698266927,718,718,721,3,473
48.33655835042909,-119.7122188714874,718,718,721,3,474
48.31135816261969,-119.82661474868009,718,718,721,3,475
48.266495023222646,-119.87911306292398,718,718,721,3,476
48.288297622326496,-119.8108149907549,718,718,721,3,477
48.43261169122865,-119.96128389902988,718,718,721,3,478
48.51726131071703,-120.04077233899434,718,717,718,1,479
48.41710690701241,-119.97563388081169,718,718,730,12,480
48.55098696502483,-120.04430362398,718,718,804,17,481
48.002564133356955,-119.92643092380622,718,718,719,1,482
47.94642079308777,-119.88884933832648,718,718,719,1,483
47.99684903068449,-119.93856064203844,718,718,719,1,484
48.01984054459005,-120.00613731012072,718,718,718,0,485
48.00021532918361,-119.9809067117351,718,718,718,0,486
48.09625448264228,-120.08829969582608,718,718,721,3,487
48.14251335201765,-120.1196986643812,718,718,719,1,488
48.0998740196788,-119.8182242909233,718,718,718,0,489
48.17081496539701,-119.87516230171526,718,718,718,0,490
48.18388120017347,-119.93304873116324,718,718,718,0,491
48.185857553729385,-119.8688990952996,718,718,718,0,492
48.23370301794488,-119.93806583264082,718,718,731,13,493
48.13964006344256,-120.18673324065816,718,718,730,12,494
48.20461054762029,-119.99629062189452,718,718,718,0,495
48.20313277206424,-119.93910800329888,718,718,718,0,496
48.227650095443984,-119.8301986872138,718,718,718,0,497
48.260406862613,-119.99531281803633,718,716,718,2,498
48.24498770592738,-119.80840555378946,718,718,721,3,499
48.27787837373519,-119.9295847756164,718,718,718,0,500
48.25857873362843,-119.7044407581204,718,718,718,0,501
48.253780785638035,-119.87241992495868,718,718,721,3,502
48.29845159292489,-119.9596899538504,718,718,718,0,503
48.36412179759188,-119.9327118922628,718,718,718,0,504
48.33996981169811,-119.96556933215842,718,718,718,0,505
48.40963120420203,-119.88561340214846,718,718,718,0,506
48.313365280160845,-119.81155103556672,718,718,718,0,507
48.40931759698348,-119.91264788961526,718,718,718,0,508
48.399705215876374,-119.94328147987966,718,718,721,3,509
48.44323970454981,-120.0900788058468,718,718,718,0,510
48.40592637485768,-119.97380411470184,718,717,721,4,511
48.45385758944717,-119.97952689188288,718,717,721,4,512
48.46154326600709,-120.0691773263247,718,718,718,0,513
48.47698475884307,-120.09173199870294,718,717,718,1,514
48.40251377394424,-120.02850064073404,718,717,718,1,515
48.47203088717906,-120.14283576199348,718,718,718,0,516
48.52404550541106,-120.02190024138044,718,716,718,2,517
48.46042053758995,-120.12993663246004,718,718,721,3,518
48.53074752887659,-120.08873083665291,718,717,730,13,519
48.5855110218831,-120.01135223562063,718,718,731,13,520
48.519725746270005,-120.07257856059172,718,718,718,0,521
48.46581316039241,-120.04440553311883,718,718,806,19,522
48.13464919443924,-119.88337270952874,719,719,719,0,523
48.238213206659054,-120.09268217356517,719,716,719,3,524
48.2487667290549,-119.75303055852152,719,719,719,0,525
48.09157739278418,-119.8121187343521,719,718,719,1,526
48.24327945407788,-119.80058469895856,719,719,719,0,527
48.220860109850776,-119.96428330896678,719,719,807,19,528
48.34591809204728,-120.00813504627084,719,718,719,1,529
48.35388951824368,-119.7630281254178,719,719,719,0,530
47.976130154506734,-119.94053363823178,719,718,719,1,531
47.96203521693826,-119.97231767527116,719,718,721,3,532
48.01967534257583,-120.02373235569048,719,718,721,3,533
48.074772393936726,-119.99677464805396,719,718,719,1,534
48.05897447658917,-120.06912606860526,719,718,719,1,535
48.05880605848528,-120.08331383268136,719,718,719,1,536
48.09437652782896,-120.1487083190268,719,718,721,3,537
48.10834034776975,-120.12885783604182,719,718,721,3,538
48.43357855508085,-120.08735900132416,719,719,719,0,539
48.457093450887,-120.00758125311704,719,719,801,13,540
48.37164990726618,-120.0008966159425,719,717,721,4,541
48.01244712136478,-119.97100017535324,719,718,719,1,542
47.982286642793454,-119.88574151717006,719,718,721,3,543
48.02359022463317,-120.02592063430092,719,718,719,1,544
48.07679104647141,-119.96706465371524,719,718,719,1,545
48.03994893474083,-120.03271426093944,719,718,719,1,546
48.036550324947854,-119.97040271522474,719,718,719,1,547
48.05843959248715,-120.0473749995078,719,718,719,1,548
48.09091506271459,-119.99301979510368,719,718,719,1,549
48.104871099374186,-120.11479278109375,719,719,719,0,550
48.07057523584568,-120.04009863821936,719,718,721,3,551
48.08254689387192,-120.06264883228285,719,718,719,1,552
48.200028928339265,-120.22200829869377,719,718,719,1,553
48.40453231125728,-120.04756060409494,719,719,719,0,554
48.362615927449475,-120.06659587191731,719,719,719,0,555
48.50765307820923,-120.08253239855152,719,719,719,0,556
48.171396933154874,-120.0256023566794,719,717,719,2,557
48.22725018800283,-120.02645253700533,719,719,719,0,558
48.21900566202759,-119.97985665198472,719,716,719,3,559
48.45614518053455,-120.02230676832264,719,719,719,0,560
47.91552789596633,-119.99268100470964,719,719,720,1,561
47.9746326735433,-119.8959159202818,719,718,719,1,562
48.00341288291521,-119.97384280391348,719,718,719,1,563
48.001155397482655,-119.8879495102484,719,719,719,0,564
48.04564973126912,-120.01026707255724,719,718,721,3,565
48.03474827813429,-120.01421189833992,719,718,719,1,566
48.003970515168746,-120.02793679590538,719,718,721,3,567
47.97980954801723,-120.0409613378943,719,718,719,1,568
48.10177861193577,-120.09110648210036,719,718,721,3,569
48.28487597342786,-120.02117290988186,720,717,720,3,570
48.3449029239373,-120.10012921998658,720,720,720,0,571
48.00872791380841,-120.09938030048822,720,718,721,3,572
48.11842100860836,-120.10316353439778,720,718,721,3,573
48.25313908985308,-120.15435316494556,720,720,721,1,574
48.16762328534412,-120.02281035857897,720,717,720,3,575
48.28068018274682,-120.00657434110757,720,720,721,1,576
48.29027112807032,-119.74976634987932,720,718,720,2,577
48.33339808902284,-119.75256045027264,720,720,720,0,578
48.34150736424465,-119.76610686950268,720,720,721,1,579
48.306455801365615,-119.81534823579706,720,718,721,3,580
48.3831407427524,-119.97998276689184,720,720,721,1,581
48.36717843131712,-119.93460982314473,720,718,721,3,582
48.12274490200785,-120.06756435964962,720,718,721,3,583
48.31788779170037,-119.86567799061868,720,720,720,0,584
48.363313013041704,-119.8826454335713,720,720,721,1,585
48.308698740021605,-119.76908016704354,720,720,721,1,586
48.4674700830535,-120.0761916358744,720,717,731,14,587
48.19086354265368,-120.23714523162256,720,718,730,12,588
48.265921379584015,-119.92740823635992,720,718,720,2,589
48.41860039853825,-120.0305912237614,720,717,721,4,590
47.951266101029105,-119.91239820363708,720,719,720,1,591
48.21276668689302,-120.0970537065245,720,718,720,2,592
48.1858989271112,-119.85257927068989,720,718,720,2,593
48.23736569473601,-119.88637644578657,720,720,720,0,594
48.26597270100459,-120.02476235705684,720,718,804,17,595
48.24387232541222,-119.9275874857708,720,717,720,3,596
48.188483893710995,-120.11210863420756,720,717,731,14,597
48.21659880022643,-119.8052089967298,720,718,720,2,598
48.410058040891506,-119.878816797611,721,721,721,0,599
48.223781089275406,-120.12141518083536,721,718,721,3,600
48.33474496202735,-119.84227002814973,721,718,721,3,601
48.25526649714706,-119.80666164570847,721,718,721,3,602
48.32901520023047,-119.83721772649056,721,718,721,3,603
48.396068445249526,-119.79482377687113,721,721,721,0,604
48.28094218293781,-119.82856393252268,721,720,721,1,605
48.35988756723675,-119.77576847585244,721,721,721,0,606
48.30842259503557,-119.8406509052465,721,718,721,3,607
48.3674718977846,-119.79223242632273,721,721,721,0,608
48.0059637036652,-120.03278763390344,721,718,721,3,609
47.99236618929248,-119.9978325966896,721,718,721,3,610
48.02861176126187,-120.09008752871674,721,718,721,3,611
48.08350956386795,-120.10178734520817,721,718,721,3,612
48.0414611061878,-120.10491261699003,721,721,721,0,613
48.177699638511015,-120.06268286617384,721,718,721,3,614
48.175977955479006,-120.13964652717031,721,718,721,3,615
48.19297250249012,-119.95008298277745,721,716,721,5,616
48.18150095608115,-120.20623883074758,721,721,721,0,617
48.25374278782457,-120.17956821288038,721,717,721,4,618
48.14323409108532,-119.89574196250138,721,718,721,3,619
48.2982477844546,-120.12366548268476,721,717,722,5,620
48.274023597097155,-120.01112981995084,721,717,731,14,621
48.21970425026583,-120.0371485668032,721,721,807,17,622
48.23369546574137,-119.95012436695102,721,719,807,19,623
48.277399088668105,-120.04972111192986,721,718,721,3,624
48.34372445987883,-119.73963390838637,721,718,721,3,625
48.29344728323353,-119.84967852816288,721,718,721,3,626
48.281993520758625,-119.80476510390052,721,718,721,3,627
48.3254027058392,-119.85794453658038,721,721,721,0,628
48.37336119071719,-119.80197300994512,721,720,721,1,629
48.35624986178919,-119.74837284924102,721,721,721,0,630
48.3846105230867,-119.936027282112,721,718,721,3,631
48.45290178801467,-119.95662979703437,721,721,801,11,632
48.475600390172715,-120.1216220016221,721,717,730,13,633
48.4296258659856,-120.05626539707733,721,718,805,18,634
48.52295548198004,-120.03236066140082,721,721,806,16,635
48.41055735004768,-119.80474744969588,721,718,721,3,636
48.33730535208129,-119.83766221998,721,718,721,3,637
48.219022884028355,-120.15781243897304,721,721,721,0,638
48.39965209105203,-119.82630408094546,721,721,721,0,639
48.35738479843809,-119.79313174019508,721,718,721,3,640
48.37384633010142,-119.77409140571189,721,718,721,3,641
48.262922193639945,-120.18095378324432,721,715,721,6,642
48.24423271144938,-120.17090733251162,721,716,721,5,643
48.13198662958053,-120.0874301489465,721,718,721,3,644
48.337712252599246,-119.85216735501824,721,718,721,3,645
48.298412911945576,-119.73127427592988,721,720,721,1,646
48.26062470183139,-120.11141656235397,721,721,721,0,647
48.26807429502054,-120.20907522299028,721,721,722,1,648
48.243557878318825,-120.00190645661678,721,720,721,1,649
48.26150852300682,-119.81601850420884,721,721,721,0,650
48.37656818457235,-120.03896093072156,721,718,721,3,651
48.482484341621536,-120.00771689197654,721,717,721,4,652
48.243087744531024,-119.94907597369551,721,721,721,0,653
48.09326995298256,-119.9659896815094,721,721,721,0,654
48.002803110724926,-120.071293903242,721,718,721,3,655
48.23213372793317,-120.15055521984648,721,721,721,0,656
48.154409520767715,-120.27548941113848,721,721,721,0,657
48.14481327186272,-120.1769697091124,721,716,721,5,658
48.31925209386821,-120.08645172114352,721,717,721,4,659
48.23631121686392,-120.08560987007766,721,717,721,4,660
48.230859455087085,-120.0680556119595,721,720,721,1,661
48.29756072268155,-120.01969962842442,721,721,721,0,662
48.2499981039164,-119.99084382169552,721,719,807,19,663
48.27103131469137,-120.05972352804912,721,717,721,4,664
48.29288498046369,-119.83222997260268,721,718,721,3,665
48.30272519589691,-119.81339348201516,721,718,721,3,666
48.27303391907289,-119.86692634726136,721,718,721,3,667
48.319940689924216,-119.91138220956164,721,721,721,0,668
48.33163927762025,-119.7818892283556,721,718,721,3,669
48.337897546019185,-119.87562690577047,721,718,721,3,670
48.27431464480358,-119.80004547041584,721,721,721,0,671
48.356670136881135,-119.84757553907812,721,718,721,3,672
48.29537939259476,-119.84011577493034,721,718,721,3,673
48.27987096836979,-119.90972435057655,721,718,721,3,674
48.26661638294122,-119.84935972878988,721,721,721,0,675
48.396584201290395,-119.87789256012312,721,721,721,0,676
48.31412808409358,-119.83056473575508,721,721,721,0,677
48.3859683115707,-119.77670983233368,721,720,721,1,678
48.30999370226212,-119.87231204784985,721,721,721,0,679
48.331866515622856,-120.06838145620284,721,720,721,1,680
48.321244351106216,-119.96809999113452,721,718,721,3,681
48.40743748432136,-120.06095316864044,721,717,721,4,682
48.43991929171792,-119.99610523790496,721,718,721,3,683
48.38708206267859,-119.97409507414756,721,717,721,4,684
48.45015676855573,-120.0436551502477,721,718,730,12,685
48.40647191106068,-119.92145431078248,721,718,721,3,686
48.46533197467059,-120.1424067234294,721,718,721,3,687
48.59572658745187,-120.08997043054386,721,718,731,13,688
48.434935241688,-120.11782031260452,721,718,801,14,689
48.554118086593874,-120.05765083261171,721,721,801,11,690
48.21992146036909,-120.2139902043082,721,718,730,12,691
48.18406757701521,-120.3335171100289,721,721,721,0,692
48.25917149983427,-120.07146247651085,721,717,731,14,693
48.18868850251563,-119.9926063700099,721,717,721,4,694
48.16770045732362,-120.0878481385918,721,718,721,3,695
48.231996761634626,-120.03491954490671,721,717,721,4,696
48.29281764437742,-119.97904911980945,721,721,731,10,697
48.26621121586399,-120.00381237840917,721,721,721,0,698
48.30201090465366,-119.82162650217596,721,721,721,0,699
48.322082448954085,-119.83211907049544,721,721,721,0,700
48.318538523592665,-119.87561843379484,721,721,721,0,701
48.355770542152605,-119.82773407859104,721,718,721,3,702
48.31277576622715,-119.81069042975032,721,718,721,3,703
48.22955019820037,-119.8351341273422,721,718,721,3,704
48.29932861631747,-119.87079558688572,721,721,721,0,705
48.32100670118208,-119.73106273271064,721,721,721,0,706
48.280227556200806,-119.8850890075336,721,718,721,3,707
48.23053461184057,-119.91540119643844,721,718,721,3,708
48.287691639026995,-119.94644063343333,721,721,721,0,709
48.36495338426015,-119.84098503535137,721,721,721,0,710
48.31169389336508,-119.92896758899066,721,721,721,0,711
48.30608108223455,-119.78619917554089,721,718,721,3,712
48.32557575269849,-119.85356173195473,721,721,721,0,713
48.38059084646099,-119.94528558021769,721,721,721,0,714
48.34692486303424,-119.91991245753512,721,721,721,0,715
48.373496458526915,-120.0152018815012,721,717,721,4,716
48.46340276307716,-119.97453276412902,721,717,721,4,717
48.40074836866896,-120.08179055187571,721,717,731,14,718
48.37512594225679,-120.00532840801031,721,717,721,4,719
48.39198636251728,-120.05150575388826,721,717,721,4,720
48.39552015151878,-120.08960937012569,721,717,721,4,721
48.05047403959263,-120.09541465807348,721,718,721,3,722
48.062016193476715,-120.10206869320484,721,718,721,3,723
48.15183520719049,-120.22695118324243,721,721,730,9,724
48.210506570457454,-120.1651415809634,721,720,721,1,725
48.29999914538733,-119.98926222434385,721,717,721,4,726
48.241767775140254,-120.05687052072103,721,718,721,3,727
48.308478093856586,-119.77416223465175,721,720,721,1,728
48.17278720586316,-120.09507229247296,721,718,721,3,729
48.06845089047365,-120.10215337602982,721,718,721,3,730
48.012861046232736,-120.03712764279123,721,721,721,0,731
48.08235087897385,-120.05145443588168,721,718,721,3,732
48.125183252712695,-120.14200228542346,721,718,721,3,733
48.21614458103651,-120.11133323567071,721,718,721,3,734
48.1602517304853,-120.1228010165974,721,716,721,5,735
48.15113145990686,-120.28129482087762,721,721,729,8,736
48.24455490464806,-120.18134938822992,721,718,730,12,737
48.20937052657591,-120.23044264665332,721,717,721,4,738
48.22940748079498,-120.08252604019432,721,721,807,17,739
48.293934181791336,-120.0498527238124,721,719,807,19,740
48.20751291066088,-120.03590738404178,721,718,721,3,741
48.19025848545235,-120.0050808443442,721,718,807,20,742
48.24791345754711,-119.99774298302994,721,717,728,11,743
48.24392616914877,-119.93910267822304,721,718,721,3,744
48.3473668262716,-119.86137433475662,721,718,721,3,745
48.418983219917266,-119.89842700500606,721,720,721,1,746
48.36718302444593,-119.77941851255017,721,721,721,0,747
48.33070096640117,-119.82918475524636,721,721,721,0,748
48.509721736454765,-120.09807788036773,721,717,730,13,749
48.53323643363224,-120.05969553119309,721,718,805,18,750
48.56898566378365,-120.12430491523293,721,718,801,14,751
48.47611620560887,-120.0798782147262,721,721,801,11,752
48.613653603712905,-120.15713407003976,721,721,804,14,753
48.19184150525915,-120.23630259215182,721,721,729,8,754
48.20892698861784,-120.19219955672312,721,718,730,12,755
48.3275081950773,-119.92280794536178,721,718,721,3,756
48.18324661418157,-120.24605707188488,722,721,722,1,757
48.28406382970724,-120.2155547678533,722,717,722,5,758
48.25376311160648,-120.0466901515066,722,722,731,9,759
48.39991257044188,-120.05116246433644,727,717,727,10,760
48.20368766878879,-119.95320377700652,727,718,727,9,761
48.22913727056659,-120.02177840744925,728,717,728,11,762
48.23035047348979,-120.0487427832096,729,721,731,10,763
48.38577124148357,-119.91521962007606,729,718,729,11,764
48.42618978000092,-119.968668170727,729,718,729,11,765
48.26657832789069,-120.1996470986986,729,721,729,8,766
48.540746888064305,-120.08028091408065,729,716,805,20,767
48.48977358868979,-120.08884387552276,729,729,731,2,768
48.222590624635,-120.11540415330342,730,718,730,12,769
48.2477723399156,-119.94492779654034,730,717,731,14,770
48.39967562461477,-119.9183133809762,730,721,801,11,771
48.45492001755198,-120.02657703099165,730,718,730,12,772
48.152973001080184,-120.22187618867927,730,718,730,12,773
48.17467793824411,-120.25572946356696,730,721,730,9,774
48.219923338247426,-119.96350865079508,730,717,731,14,775
48.50188602458536,-120.0651831908887,730,721,806,16,776
48.49414255297537,-120.09237818236184,730,721,804,14,777
48.57572824677529,-119.99618456001106,730,718,801,14,778
48.22222359384579,-120.18998305459512,730,718,730,12,779
48.214023583950386,-120.05301392109804,730,717,730,13,780
48.233773298349575,-120.06801043646676,730,721,731,10,781
48.18321175978445,-119.93358739664951,730,717,731,14,782
48.19317759129626,-120.03277714741402,730,721,807,17,783
48.25171853461162,-120.05603775297996,730,719,807,19,784
48.482166406326286,-120.0731421035846,730,717,730,13,785
48.5313614719947,-120.10612627215772,730,717,730,13,786
48.45572777071077,-120.13129121673168,730,718,801,14,787
48.495448616681344,-120.09947947434614,730,721,801,11,788
48.47821971352819,-120.09950903076049,730,729,731,2,789
48.18746227373376,-120.03872543382184,731,717,731,14,790
48.40918335171977,-119.98304499036792,731,717,731,14,791
48.4522284380418,-120.10166238287512,731,718,731,13,792
48.47076687084627,-120.05090483717714,731,718,731,13,793
48.48535950666725,-120.0656231925502,731,718,731,13,794
48.29319042614091,-119.93183480462312,731,717,802,16,795
48.26945156493577,-119.96548995142024,731,717,807,21,796
48.54719564273548,-120.14136515658778,731,718,731,13,797
48.44752895196304,-120.06207224767692,731,731,810,10,798
48.52241379821523,-120.15328062339978,731,721,801,11,799
48.5585722395774,-120.10845976954506,731,729,731,2,800
48.55588990434117,-120.13100650037474,731,721,806,16,801
48.2726944801759,-119.99879897495946,731,717,731,14,802
48.26600699552317,-120.0734825616246,731,718,731,13,803
48.195650209153605,-120.08951270907536,731,717,731,14,804
48.25120667763152,-120.00487106468174,731,716,731,15,805
48.16302445918743,-120.10061436421104,731,717,731,14,806
48.25684275530671,-120.01136335527532,731,717,731,14,807
48.24238028017557,-120.0024773359974,731,718,731,13,808
48.208753475577886,-120.0190461962286,731,717,731,14,809
48.397016711828194,-120.08822218801046,731,731,731,0,810
48.375880262950275,-120.08181173141958,731,717,731,14,811
48.427760791195254,-120.03007809400732,731,717,731,14,812
48.35040321014074,-120.05178709554065,731,717,731,14,813
48.50681588947146,-120.00542187194638,731,717,731,14,814
48.41606372174563,-120.13541914376847,731,717,731,14,815
48.40860049097586,-120.05137025236655,731,731,731,0,816
48.162936447478906,-120.08967678806384,731,717,731,14,817
48.24116606765144,-120.04775306708991,731,718,731,13,818
48.23381258899934,-120.04227938136668,731,717,731,14,819
48.20231538655947,-120.117571873958,731,716,731,15,820
48.21731708339957,-120.01112212736815,731,717,731,14,821
48.20383235185984,-120.01046458246287,731,717,731,14,822
48.186597580986565,-120.03653714468022,731,718,731,13,823
48.16871401510937,-120.0859881310402,731,717,731,14,824
48.371136497490305,-120.0772264915802,731,731,731,0,825
48.42317324770342,-120.04522654826772,731,717,731,14,826
48.344801478684154,-120.05185420819208,731,717,731,14,827
48.36317519335251,-120.05069589873838,731,717,731,14,828
48.460420683206024,-119.9954717375862,731,717,731,14,829
48.413739039003254,-120.1751876223094,731,717,731,14,830
48.512309299229194,-120.07086290192046,731,731,731,0,831
48.23838317380793,-120.0596513731145,731,717,802,16,832
48.20741197776408,-120.0343965736228,731,721,731,10,833
48.22012724327407,-119.96442151240228,731,717,731,14,834
48.24765028130468,-120.01603838385496,731,721,807,17,835
48.38674296865685,-120.01202532785972,731,718,801,14,836
48.38435909822952,-119.98944799920709,731,718,801,14,837
48.40100516239721,-119.94077378072646,731,718,802,15,838
48.5325677755667,-119.96692097052338,731,717,731,14,839
48.47259045444098,-120.07774842965044,731,718,731,13,840
48.520903080926786,-120.09941668865136,731,718,805,18,841
48.49388040121077,-120.01163085290082,731,718,806,19,842
48.51850171796308,-120.12980274988486,731,718,801,14,843
48.52384847221132,-120.10017497320972,731,721,801,11,844
48.543498256915136,-120.08124655631738,731,729,731,2,845
48.2523176170661,-119.98148934548026,731,721,731,10,846
48.21854280485279,-120.00962054305715,731,722,731,9,847
48.22368340399096,-120.04202074325022,731,721,807,17,848
48.265007813491906,-119.92360221765686,731,717,807,21,849
48.40142391383904,-119.92258479978346,731,718,801,14,850
48.44847863836323,-119.95634716974614,731,719,801,13,851
48.49333377105973,-120.06565219518087,731,721,801,11,852
48.467351828828264,-120.0699023825728,731,729,731,2,853
48.55335896480594,-120.07522438121488,731,718,804,17,854
48.51704957178467,-120.11413870264764,731,721,804,14,855
48.5293333126785,-120.13928100176236,731,721,806,16,856
48.45927814690257,-120.06912879436076,731,721,806,16,857
48.274197836904136,-119.93023842391456,801,717,801,15,858
48.33075067268133,-119.96197414818091,801,721,801,11,859
48.51684638844336,-120.0907852127041,801,721,801,11,860
48.18465994835939,-120.01686727938916,801,717,802,16,861
48.35235308840501,-120.00204151212117,801,718,801,14,862
48.43493444434845,-119.99180819709538,801,718,801,14,863
48.45154812472088,-119.9582738757421,801,719,801,13,864
48.558497365261225,-120.12982188612752,801,718,801,14,865
48.58269277554786,-120.17654549898587,801,718,801,14,866
48.497939837049465,-119.98252210755254,801,721,801,11,867
48.48022460602899,-120.09003277437802,801,801,801,0,868
48.44875454629902,-120.08328735457088,802,721,804,14,869
48.21402202286011,-119.95078211086232,802,717,802,16,870
48.3814835775483,-119.99424612677588,802,718,802,15,871
48.56610874600413,-120.11340616323426,802,718,806,19,872
48.56637934614342,-120.1433518492029,802,718,804,17,873
48.59178490305669,-120.06843883734032,802,721,804,14,874
48.24382090869652,-119.98434222552522,803,717,807,21,875
48.333596657534045,-120.01012760268723,803,718,803,16,876
48.31693835290846,-120.05758558083726,804,718,804,17,877
48.505726965494155,-120.12216977235371,804,718,804,17,878
48.47993381511533,-120.09543462252329,804,721,804,14,879
48.5872529612296,-120.09693202382569,805,718,805,18,880
48.41047118299771,-120.07559730939892,805,718,806,19,881
48.4283897067385,-120.1599196908,805,716,805,20,882
48.477417729181205,-120.0601683632116,805,721,806,16,883
48.52917944289804,-120.09273272870288,805,805,807,2,884
48.45901279825601,-120.03558141235932,806,718,806,19,885
48.49578022116471,-120.11739460264415,806,721,806,16,886
48.58183261286206,-120.00597403924552,806,805,807,2,887
48.47708456433425,-120.09064151671312,806,718,806,19,888
48.54026103693868,-120.08735020844662,806,721,806,16,889
48.56961507652965,-120.02003016205896,806,805,807,2,890
48.506781028527584,-120.02822896473177,807,805,807,2,891
48.208995002332024,-120.01099060543278,807,718,807,20,892
48.26947375911839,-119.9767340968963,807,721,807,17,893
48.24772529548572,-120.05474588154162,807,719,807,19,894
48.28192338453157,-119.99068512454647,807,717,807,21,895
48.51822152487139,-119.99433773309582,808,717,808,22,896
48.48273879779712,-120.08195451024588,810,731,810,10,897
